{
  "@graph" : [ {
    "@id" : "_:t1",
    "foaf:accountName" : "simon.cox@csiro.au",
    "foaf:name" : "Simon Cox"
  }, {
    "@id" : "_:t10",
    "foaf:accountName" : "sally.tetreault-campbell@csiro.au",
    "foaf:name" : "Sally Tetreault-Campbell"
  }, {
    "@id" : "_:t11",
    "foaf:accountName" : "sally.tetreault-campbell@csiro.au",
    "foaf:name" : "Sally Tetreault-Campbell"
  }, {
    "@id" : "_:t12",
    "reg:entity" : {
      "@id" : "http://registry.it.csiro.au/sandbox/csiro/oznome/AWRA-L/upper-soil-moisture"
    },
    "reg:sourceGraph" : {
      "@id" : "http://registry.it.csiro.au/sandbox/csiro/oznome/AWRA-L/_upper-soil-moisture:8#graph"
    }
  }, {
    "@id" : "_:t13",
    "foaf:accountName" : "sally.tetreault-campbell@csiro.au",
    "foaf:name" : "Sally Tetreault-Campbell"
  }, {
    "@id" : "_:t14",
    "reg:entity" : {
      "@id" : "http://registry.it.csiro.au/sandbox/csiro/oznome/AWRA-L/root-zone-soil-moisture"
    },
    "reg:sourceGraph" : {
      "@id" : "http://registry.it.csiro.au/sandbox/csiro/oznome/AWRA-L/_root-zone-soil-moisture:9#graph"
    }
  }, {
    "@id" : "_:t15",
    "foaf:accountName" : "sally.tetreault-campbell@csiro.au",
    "foaf:name" : "Sally Tetreault-Campbell"
  }, {
    "@id" : "_:t16",
    "foaf:accountName" : "sally.tetreault-campbell@csiro.au",
    "foaf:name" : "Sally Tetreault-Campbell"
  }, {
    "@id" : "_:t17",
    "reg:entity" : {
      "@id" : "http://registry.it.csiro.au/sandbox/csiro/oznome/AWRA-L/potential-evapotranspiration"
    },
    "reg:sourceGraph" : {
      "@id" : "http://registry.it.csiro.au/sandbox/csiro/oznome/AWRA-L/_potential-evapotranspiration:5#graph"
    }
  }, {
    "@id" : "_:t18",
    "reg:entity" : {
      "@id" : "http://registry.it.csiro.au/sandbox/csiro/oznome/AWRA-L/evapotranspiration"
    },
    "reg:sourceGraph" : {
      "@id" : "http://registry.it.csiro.au/sandbox/csiro/oznome/AWRA-L/_evapotranspiration:4#graph"
    }
  }, {
    "@id" : "_:t19",
    "foaf:accountName" : "simon.cox@csiro.au",
    "foaf:name" : "Simon Cox"
  }, {
    "@id" : "_:t2",
    "reg:entity" : {
      "@id" : "http://registry.it.csiro.au/sandbox/csiro/oznome/AWRA-L/soil-moisture"
    },
    "reg:sourceGraph" : {
      "@id" : "http://registry.it.csiro.au/sandbox/csiro/oznome/AWRA-L/_soil-moisture:6#graph"
    }
  }, {
    "@id" : "_:t20",
    "reg:entity" : {
      "@id" : "http://registry.it.csiro.au/sandbox/csiro/oznome/AWRA-L/runoff"
    },
    "reg:sourceGraph" : {
      "@id" : "http://registry.it.csiro.au/sandbox/csiro/oznome/AWRA-L/_runoff:3#graph"
    }
  }, {
    "@id" : "_:t21",
    "foaf:accountName" : "sally.tetreault-campbell@csiro.au",
    "foaf:name" : "Sally Tetreault-Campbell"
  }, {
    "@id" : "_:t22",
    "reg:entity" : {
      "@id" : "http://registry.it.csiro.au/sandbox/csiro/oznome/AWRA-L/lower-soil-moisture"
    },
    "reg:sourceGraph" : {
      "@id" : "http://registry.it.csiro.au/sandbox/csiro/oznome/AWRA-L/_lower-soil-moisture:8#graph"
    }
  }, {
    "@id" : "_:t23",
    "reg:entity" : {
      "@id" : "http://registry.it.csiro.au/sandbox/csiro/oznome/AWRA-L"
    },
    "reg:entityVersion" : {
      "@id" : "http://registry.it.csiro.au/sandbox/csiro/oznome/AWRA-L:32"
    }
  }, {
    "@id" : "_:t24",
    "reg:entity" : {
      "@id" : "http://registry.it.csiro.au/sandbox/csiro/oznome/AWRA-L/precipitation"
    },
    "reg:sourceGraph" : {
      "@id" : "http://registry.it.csiro.au/sandbox/csiro/oznome/AWRA-L/_precipitation:3#graph"
    }
  }, {
    "@id" : "_:t25",
    "foaf:accountName" : "sally.tetreault-campbell@csiro.au",
    "foaf:name" : "Sally Tetreault-Campbell"
  }, {
    "@id" : "_:t3",
    "reg:entity" : {
      "@id" : "http://registry.it.csiro.au/sandbox/csiro/oznome/AWRA-L/actual-evapotranspiration"
    },
    "reg:sourceGraph" : {
      "@id" : "http://registry.it.csiro.au/sandbox/csiro/oznome/AWRA-L/_actual-evapotranspiration:6#graph"
    }
  }, {
    "@id" : "_:t4",
    "foaf:accountName" : "sally.tetreault-campbell@csiro.au",
    "foaf:name" : "Sally Tetreault-Campbell"
  }, {
    "@id" : "_:t5",
    "foaf:accountName" : "sally.tetreault-campbell@csiro.au",
    "foaf:name" : "Sally Tetreault-Campbell"
  }, {
    "@id" : "_:t6",
    "reg:entity" : {
      "@id" : "http://registry.it.csiro.au/sandbox/csiro/oznome/AWRA-L/deep-drainage"
    },
    "reg:sourceGraph" : {
      "@id" : "http://registry.it.csiro.au/sandbox/csiro/oznome/AWRA-L/_deep-drainage:13#graph"
    }
  }, {
    "@id" : "_:t7",
    "foaf:accountName" : "sally.tetreault-campbell@csiro.au",
    "foaf:name" : "Sally Tetreault-Campbell"
  }, {
    "@id" : "_:t8",
    "reg:entity" : {
      "@id" : "http://registry.it.csiro.au/sandbox/csiro/oznome/AWRA-L/deep-soil-moisture"
    },
    "reg:sourceGraph" : {
      "@id" : "http://registry.it.csiro.au/sandbox/csiro/oznome/AWRA-L/_deep-soil-moisture:7#graph"
    }
  }, {
    "@id" : "_:t9",
    "foaf:accountName" : "simon.cox@csiro.au",
    "foaf:name" : "Simon Cox"
  }, {
    "@id" : "http://registry.it.csiro.au/sandbox/csiro/oznome/AWRA-L",
    "@type" : [ "reg:Register", "ldp:Container" ],
    "dct:accrualPeriodicity" : {
      "@id" : "http://registry.it.csiro.au/def/isotc211/MD_MaintenanceFrequencyCode/asNeeded"
    },
    "dct:accrualPolicy" : "Contact the owners to correct errors or propose new definitions or items.",
    "dct:creator" : [ {
      "@id" : "http://people.csiro.au/Sally-Tetreault-Campbell"
    }, {
      "@id" : "http://people.csiro.au/Simon-Cox"
    } ],
    "dct:description" : {
      "@type" : "rdf:HTML",
      "@value" : "<p>Vocabulary for <a href='http://www.bom.gov.au/water/landscape/'>Australian Water Resources Assessment landscape (AWRA-L) model</a>.</p><p>This vocabulary has been converted from the source materials into Linked Data and assembled for the 'OzNome for Land and Water' project by <a href='mailto:sally.tetreault-campbell@csiro.au'>Sally Tetreault-Campbell</a> and <a href='mailto:simon.cox@csiro.au'>Simon Cox</a>. Please contact them to correct errors or propose new definitions or items.</p>"
    },
    "dct:license" : {
      "@id" : "https://creativecommons.org/licenses/by/4.0/"
    },
    "dct:modified" : {
      "@type" : "xsd:dateTime",
      "@value" : "2017-08-31T05:09:17.036Z"
    },
    "dct:subject" : {
      "@id" : "http://registry.it.csiro.au/def/isotc211/MD_TopicCategoryCode/_environment"
    },
    "dct:type" : {
      "@id" : "http://dictionary.casrai.org/Controlled_vocabulary"
    },
    "reg:notation" : "AWRA-L",
    "ui:hierarchyChildProperty" : {
      "@id" : "skos:narrower"
    },
    "ui:hierarchyRootProperty" : {
      "@id" : "skos:topConceptOf"
    },
    "rdfs:label" : "AWRA-L vocabulary",
    "rdfs:member" : [ {
      "@id" : "http://registry.it.csiro.au/sandbox/csiro/oznome/AWRA-L/deep-soil-moisture"
    }, {
      "@id" : "http://registry.it.csiro.au/sandbox/csiro/oznome/AWRA-L/soil-moisture"
    }, {
      "@id" : "http://registry.it.csiro.au/sandbox/csiro/oznome/AWRA-L/upper-soil-moisture"
    }, {
      "@id" : "http://registry.it.csiro.au/sandbox/csiro/oznome/AWRA-L/root-zone-soil-moisture"
    }, {
      "@id" : "http://registry.it.csiro.au/sandbox/csiro/oznome/AWRA-L/lower-soil-moisture"
    }, {
      "@id" : "http://registry.it.csiro.au/sandbox/csiro/oznome/AWRA-L/precipitation"
    }, {
      "@id" : "http://registry.it.csiro.au/sandbox/csiro/oznome/AWRA-L/actual-evapotranspiration"
    }, {
      "@id" : "http://registry.it.csiro.au/sandbox/csiro/oznome/AWRA-L/evapotranspiration"
    }, {
      "@id" : "http://registry.it.csiro.au/sandbox/csiro/oznome/AWRA-L/potential-evapotranspiration"
    }, {
      "@id" : "http://registry.it.csiro.au/sandbox/csiro/oznome/AWRA-L/deep-drainage"
    }, {
      "@id" : "http://registry.it.csiro.au/sandbox/csiro/oznome/AWRA-L/runoff"
    } ],
    "owl:versionInfo" : {
      "@type" : "xsd:integer",
      "@value" : "32"
    }
  }, {
    "@id" : "http://registry.it.csiro.au/sandbox/csiro/oznome/AWRA-L/_actual-evapotranspiration",
    "@type" : "reg:RegisterItem",
    "dct:dateAccepted" : {
      "@type" : "xsd:dateTime",
      "@value" : "2017-03-21T22:46:10.016Z"
    },
    "dct:dateSubmitted" : {
      "@type" : "xsd:dateTime",
      "@value" : "2017-03-21T22:45:52.588Z"
    },
    "dct:description" : "Actual Evapotranspiration is an estimate of the total evapotranspiration from vegetation, soil and groundwater. Water is evaporated directly from the canopy interception, the upper soil water store and the groundwater store. In addition water is withdrawn by transpiration from the lower soil water store, the deep soil water store and the groundwater store. The evaporation from canopy uses the event-based approach of Gash (1979) and the Van Dijk and Bruijnzeel (2001) modification for sparse canopies. Evaporation from groundwater occurs only in those saturated parts of the landscape where the water table intersects the surface. Soil evaporation depends on the moisture content of the upper layer for the unsaturated parts of the landscape. The actual transpiration is limited by a potential transpiration rate and a maximum root water uptake. Actual evapotranspiration is not well represented in major urban areas due to a current lack of impervious layers in the Hydrological Response Units (HRU). Similarly, the estimated actual evapotranspiration for irrigation areas and open water needs to be taken with caution due to the current lack of irrigated crops and waterbodies in the HRU. ",
    "dct:modified" : {
      "@type" : "xsd:dateTime",
      "@value" : "2017-03-28T03:37:48.074Z"
    },
    "reg:definition" : {
      "@id" : "_:t3"
    },
    "reg:itemClass" : [ {
      "@id" : "qudt:QuantityKind"
    }, {
      "@id" : "op:ScaledQuantityKind"
    }, {
      "@id" : "skos:Concept"
    }, {
      "@id" : "qudt:MechanicsQuantityKind"
    } ],
    "reg:notation" : "actual-evapotranspiration",
    "reg:register" : {
      "@id" : "http://registry.it.csiro.au/sandbox/csiro/oznome/AWRA-L"
    },
    "reg:status" : {
      "@id" : "reg:statusExperimental"
    },
    "reg:submitter" : {
      "@id" : "_:t25"
    },
    "rdfs:label" : {
      "@language" : "en",
      "@value" : "actual evapotranspiration"
    },
    "owl:versionInfo" : {
      "@type" : "xsd:integer",
      "@value" : "6"
    }
  }, {
    "@id" : "http://registry.it.csiro.au/sandbox/csiro/oznome/AWRA-L/_deep-drainage",
    "@type" : "reg:RegisterItem",
    "dct:dateAccepted" : {
      "@type" : "xsd:dateTime",
      "@value" : "2017-03-21T22:49:24.64Z"
    },
    "dct:dateSubmitted" : {
      "@type" : "xsd:dateTime",
      "@value" : "2017-03-21T22:49:07.2Z"
    },
    "dct:description" : {
      "@type" : "rdf:HTML",
      "@value" : "<p><b>Deep drainage</b> is an estimate of the water that drains from the bottom of the deep soil layer (6 m) into the groundwater stores. Soil drainage and moisture dynamics are based on water balance considerations for each layer, and unsaturated downward movement of water under gravity only. There is assumed to be no lateral drainage from the deep soil layer. Drainage from each layer is subject to limits imposed by water availability and hydraulic conductivity. Deep Drainage generally describes diffuse groundwater recharge.</p> <p><a href='http://www.bom.gov.au/water/landscape/'><img src='http://www.bom.gov.au/water/landscape/static/images/dd_avg.png' alt='Deep drainage from the two Hydrological Response Units (HRU) of the AWRA-L model' height='250' width='250'/></a></p> <p><i>Deep drainage from the two Hydrological Response Units (HRU) of the AWRA-L model</i></p>"
    },
    "dct:modified" : {
      "@type" : "xsd:dateTime",
      "@value" : "2017-08-31T23:17:25.881Z"
    },
    "reg:definition" : {
      "@id" : "_:t6"
    },
    "reg:itemClass" : [ {
      "@id" : "skos:Concept"
    }, {
      "@id" : "qudt:MechanicsQuantityKind"
    }, {
      "@id" : "op:ScaledQuantityKind"
    }, {
      "@id" : "qudt:QuantityKind"
    } ],
    "reg:notation" : "deep-drainage",
    "reg:register" : {
      "@id" : "http://registry.it.csiro.au/sandbox/csiro/oznome/AWRA-L"
    },
    "reg:status" : {
      "@id" : "reg:statusExperimental"
    },
    "reg:submitter" : {
      "@id" : "_:t4"
    },
    "rdfs:label" : {
      "@language" : "en",
      "@value" : "deep drainage"
    },
    "owl:versionInfo" : {
      "@type" : "xsd:integer",
      "@value" : "13"
    }
  }, {
    "@id" : "http://registry.it.csiro.au/sandbox/csiro/oznome/AWRA-L/_deep-soil-moisture",
    "@type" : "reg:RegisterItem",
    "dct:dateSubmitted" : {
      "@type" : "xsd:dateTime",
      "@value" : "2017-03-06T03:10:13.611Z"
    },
    "dct:description" : "Deep Soil Moisture represents the percentage of available water content between 1 m and 6 m in the soil profile. The maximum storage within the soil layer is calculated from the depth of the soil and the relative soil water storage capacity. The soil properties of the deep soil layer are indirectly derived from ASRIS based on the lower soil layer properties. In this case it is assumed that the bulk density of the deep soil is higher than the lower soil and so the relative available water capacity is lower. The 6 m bottom boundary of the deep soil layer is based on the assumption that the deep rooted vegetation can access water down to 6 m. Only the deep rooted vegetation can access the deep soil moisture. The Actual soil moisture grids estimate the percentage of available water content rather than total soil water volume. The Relative soil moisture grids, like the other grids, represent the long term deciles. The soil moisture is not well represented in major urban areas due to a current lack of impervious layers in the Hydrological Response Units (HRU). Similarly, the estimated soil moisture for irrigation areas and open water needs to be taken with caution due to the current lack of irrigated crops and water bodies in the HRU.",
    "dct:modified" : {
      "@type" : "xsd:dateTime",
      "@value" : "2017-03-28T05:53:48.564Z"
    },
    "reg:definition" : {
      "@id" : "_:t8"
    },
    "reg:itemClass" : [ {
      "@id" : "qudt:MechanicsQuantityKind"
    }, {
      "@id" : "op:ScaledQuantityKind"
    }, {
      "@id" : "skos:Concept"
    }, {
      "@id" : "qudt:QuantityKind"
    } ],
    "reg:notation" : "deep-soil-moisture",
    "reg:register" : {
      "@id" : "http://registry.it.csiro.au/sandbox/csiro/oznome/AWRA-L"
    },
    "reg:status" : {
      "@id" : "reg:statusExperimental"
    },
    "reg:submitter" : [ {
      "@id" : "_:t9"
    }, {
      "@id" : "_:t7"
    } ],
    "rdfs:label" : {
      "@language" : "en",
      "@value" : "deep soil moisture"
    },
    "owl:versionInfo" : {
      "@type" : "xsd:integer",
      "@value" : "7"
    }
  }, {
    "@id" : "http://registry.it.csiro.au/sandbox/csiro/oznome/AWRA-L/_evapotranspiration",
    "@type" : "reg:RegisterItem",
    "dct:dateAccepted" : {
      "@type" : "xsd:dateTime",
      "@value" : "2017-03-23T05:10:12.832Z"
    },
    "dct:dateSubmitted" : {
      "@type" : "xsd:dateTime",
      "@value" : "2017-03-23T05:04:14.704Z"
    },
    "dct:description" : "Evapotranspiration is an estimate of the total evapotranspiration from vegetation, soil and groundwater. Water is evaporated directly from the canopy interception, the upper soil water store and the groundwater store. In addition water is withdrawn by transpiration from the lower soil water store, the deep soil water store and the groundwater store. Evaporation from groundwater occurs only in those saturated parts of the landscape where the water table intersects the surface. Soil evaporation depends on the moisture content of the upper layer for the unsaturated parts of the landscape. ",
    "dct:modified" : {
      "@type" : "xsd:dateTime",
      "@value" : "2017-03-28T03:37:33.719Z"
    },
    "reg:definition" : {
      "@id" : "_:t18"
    },
    "reg:itemClass" : [ {
      "@id" : "op:ScaledQuantityKind"
    }, {
      "@id" : "qudt:MechanicsQuantityKind"
    }, {
      "@id" : "skos:Concept"
    }, {
      "@id" : "qudt:QuantityKind"
    } ],
    "reg:notation" : "evapotranspiration",
    "reg:register" : {
      "@id" : "http://registry.it.csiro.au/sandbox/csiro/oznome/AWRA-L"
    },
    "reg:status" : {
      "@id" : "reg:statusExperimental"
    },
    "reg:submitter" : {
      "@id" : "_:t19"
    },
    "rdfs:label" : {
      "@language" : "en",
      "@value" : "evapotranspiration"
    },
    "owl:versionInfo" : {
      "@type" : "xsd:integer",
      "@value" : "4"
    }
  }, {
    "@id" : "http://registry.it.csiro.au/sandbox/csiro/oznome/AWRA-L/_lower-soil-moisture",
    "@type" : "reg:RegisterItem",
    "dct:dateAccepted" : {
      "@type" : "xsd:dateTime",
      "@value" : "2017-03-15T20:05:00.358Z"
    },
    "dct:dateSubmitted" : {
      "@type" : "xsd:dateTime",
      "@value" : "2017-03-15T20:04:47.425Z"
    },
    "dct:description" : "Lower Soil Moisture estimate represents the percentage of available water content between 10 cm and 100 cm in the soil profile. The maximum storage within the soil layer is calculated from the depth of the soil and the relative soil water storage capacity. The soil properties that control the storage of water are derived from the continental scale mapping within Australian Soil Resources Information System (Johnston et al., 2003). The relative available water capacity of the lower soil layer is derived from ASRIS information as the available water capacity of a layer divided by its thickness. Pedotransfer functions are used to relate soil hydraulic properties to soil textural class. Soil drainage and moisture dynamics are then based on water balance considerations for each soil layer. The shallow and deep rooted vegetation can draw on this Lower Soil Moisture layer. The Actual soil moisture grids estimate the percentage of available water content rather than total soil water volume. The Relative soil moisture grids, like the other grids, represent the long term deciles. The soil moisture is not well represented in major urban areas due to a current lack of impervious layers in the Hydrological Response Units (HRU). Similarly, the estimated soil moisture for irrigation areas and open water needs to be taken with caution due to the current lack of irrigated crops and waterbodies in the HRU.",
    "dct:modified" : {
      "@type" : "xsd:dateTime",
      "@value" : "2017-03-28T05:53:26.353Z"
    },
    "reg:definition" : {
      "@id" : "_:t22"
    },
    "reg:itemClass" : [ {
      "@id" : "skos:Concept"
    }, {
      "@id" : "qudt:QuantityKind"
    }, {
      "@id" : "qudt:MechanicsQuantityKind"
    }, {
      "@id" : "op:ScaledQuantityKind"
    } ],
    "reg:notation" : "lower-soil-moisture",
    "reg:register" : {
      "@id" : "http://registry.it.csiro.au/sandbox/csiro/oznome/AWRA-L"
    },
    "reg:status" : {
      "@id" : "reg:statusExperimental"
    },
    "reg:submitter" : {
      "@id" : "_:t5"
    },
    "rdfs:label" : {
      "@language" : "en",
      "@value" : "lower soil moisture"
    },
    "owl:versionInfo" : {
      "@type" : "xsd:integer",
      "@value" : "8"
    }
  }, {
    "@id" : "http://registry.it.csiro.au/sandbox/csiro/oznome/AWRA-L/_potential-evapotranspiration",
    "@type" : "reg:RegisterItem",
    "dct:dateAccepted" : {
      "@type" : "xsd:dateTime",
      "@value" : "2017-03-21T22:45:25.854Z"
    },
    "dct:dateSubmitted" : {
      "@type" : "xsd:dateTime",
      "@value" : "2017-03-21T22:44:46.104Z"
    },
    "dct:description" : "The potential evapotranspiration in AWRA-L is calculated on a 0.05 degree (approximately 5 x 5 km) national grid using the Penman (1948) equation. Potential evapotranspiration provides an upper limit on evaporation and transpiration processes from the soil and vegetation and depends solely on the available energy at the surface. The daily gridded climate datasets used to produce this estimate include downward solar irradiance, and maximum and minimum air temperature produced by the Bureau of Meteorology (Jones et al., 2009) and windspeed at 2 m which is input as a spatially-gridded long-term average (McVicar et al., 2008).",
    "dct:modified" : {
      "@type" : "xsd:dateTime",
      "@value" : "2017-03-28T03:38:05.901Z"
    },
    "reg:definition" : {
      "@id" : "_:t17"
    },
    "reg:itemClass" : [ {
      "@id" : "skos:Concept"
    }, {
      "@id" : "qudt:QuantityKind"
    }, {
      "@id" : "op:ScaledQuantityKind"
    }, {
      "@id" : "qudt:MechanicsQuantityKind"
    } ],
    "reg:notation" : "potential-evapotranspiration",
    "reg:register" : {
      "@id" : "http://registry.it.csiro.au/sandbox/csiro/oznome/AWRA-L"
    },
    "reg:status" : {
      "@id" : "reg:statusExperimental"
    },
    "reg:submitter" : {
      "@id" : "_:t16"
    },
    "rdfs:label" : {
      "@language" : "en",
      "@value" : "potential evapotranspiration"
    },
    "owl:versionInfo" : {
      "@type" : "xsd:integer",
      "@value" : "5"
    }
  }, {
    "@id" : "http://registry.it.csiro.au/sandbox/csiro/oznome/AWRA-L/_precipitation",
    "@type" : "reg:RegisterItem",
    "dct:dateAccepted" : {
      "@type" : "xsd:dateTime",
      "@value" : "2017-03-21T22:48:10.481Z"
    },
    "dct:dateSubmitted" : {
      "@type" : "xsd:dateTime",
      "@value" : "2017-03-21T22:46:44.959Z"
    },
    "dct:description" : "Daily precipitation grids are produced by the Bureau from approximately 6,500 rain gauge stations and interpolated to a 0.05 degree (approximately 5 x 5 km) national grid (Jones et al. 2009). Precipitation is an input into the AWRA-L model. The estimates were subject to approximations associated with interpolating observation point data to a national grid detailed in Jones et al. (2009). The precipitation input to the AWRA-L model are the near real time daily grids available at www.bom.gov.au/climate/maps. The monthly and annual precipitation is simply an aggregation of the near real time daily grids input to the AWRA-L model. Monthly grids that include additional rain gauge stations and rainfall observations (that are not available in near real time) can be found at www.bom.gov.au/climate/maps",
    "dct:modified" : {
      "@type" : "xsd:dateTime",
      "@value" : "2017-03-23T05:09:17.866Z"
    },
    "reg:definition" : {
      "@id" : "_:t24"
    },
    "reg:itemClass" : [ {
      "@id" : "qudt:MechanicsQuantityKind"
    }, {
      "@id" : "op:ScaledQuantityKind"
    }, {
      "@id" : "qudt:QuantityKind"
    }, {
      "@id" : "skos:Concept"
    } ],
    "reg:notation" : "precipitation",
    "reg:register" : {
      "@id" : "http://registry.it.csiro.au/sandbox/csiro/oznome/AWRA-L"
    },
    "reg:status" : {
      "@id" : "reg:statusExperimental"
    },
    "reg:submitter" : {
      "@id" : "_:t21"
    },
    "rdfs:label" : {
      "@language" : "en",
      "@value" : "precipitation"
    },
    "owl:versionInfo" : {
      "@type" : "xsd:integer",
      "@value" : "3"
    }
  }, {
    "@id" : "http://registry.it.csiro.au/sandbox/csiro/oznome/AWRA-L/_root-zone-soil-moisture",
    "@type" : "reg:RegisterItem",
    "dct:dateAccepted" : {
      "@type" : "xsd:dateTime",
      "@value" : "2017-03-15T20:01:29.326Z"
    },
    "dct:dateSubmitted" : {
      "@type" : "xsd:dateTime",
      "@value" : "2017-03-15T20:00:46.838Z"
    },
    "dct:description" : "Root Zone Soil Moisture is the sum of water in the AWRA-L Upper and Lower soil layers and represents the percentage of available water content in the top 1 m of the soil profile. The maximum storage within the soil layer is calculated from the depth of the soil and the relative soil water storage capacity. The soil properties that control the storage of water are derived from the continental scale mapping within Australian Soil Resources Information System (Johnston et al., 2003). The relative available water capacity of the soil layer is derived from information ASRIS as the available water capacity of a layer divided by its thickness. Pedotransfer functions are used to relate soil hydraulic properties to soil textural class. Soil drainage and moisture dynamics are then based on water balance considerations for each soil layer. The shallow and deep rooted vegetation can both draw on this combined layer. The Actual soil moisture grids estimate the percentage of available water content rather than total soil water volume. The Relative soil moisture grids, like the other grids, represent the long term deciles. The soil moisture is not well represented in major urban areas due to a current lack of impervious layers in the Hydrological Response Units (HRU). Similarly, the estimated soil moisture for irrigation areas and open water needs to be taken with caution due to the current lack of irrigated crops and waterbodies in the HRU.",
    "dct:modified" : {
      "@type" : "xsd:dateTime",
      "@value" : "2017-03-28T05:52:48.48Z"
    },
    "reg:definition" : {
      "@id" : "_:t14"
    },
    "reg:itemClass" : [ {
      "@id" : "qudt:QuantityKind"
    }, {
      "@id" : "skos:Concept"
    }, {
      "@id" : "op:ScaledQuantityKind"
    }, {
      "@id" : "qudt:MechanicsQuantityKind"
    } ],
    "reg:notation" : "root-zone-soil-moisture",
    "reg:register" : {
      "@id" : "http://registry.it.csiro.au/sandbox/csiro/oznome/AWRA-L"
    },
    "reg:status" : {
      "@id" : "reg:statusExperimental"
    },
    "reg:submitter" : {
      "@id" : "_:t13"
    },
    "rdfs:label" : {
      "@language" : "en",
      "@value" : "root zone soil moisture"
    },
    "owl:versionInfo" : {
      "@type" : "xsd:integer",
      "@value" : "9"
    }
  }, {
    "@id" : "http://registry.it.csiro.au/sandbox/csiro/oznome/AWRA-L/_runoff",
    "@type" : "reg:RegisterItem",
    "dct:dateAccepted" : {
      "@type" : "xsd:dateTime",
      "@value" : "2017-03-21T22:50:31.903Z"
    },
    "dct:dateSubmitted" : {
      "@type" : "xsd:dateTime",
      "@value" : "2017-03-21T22:50:19.688Z"
    },
    "dct:description" : "Runoff represents a modelled estimate expected from a small unimpaired catchment. It is produced from surface runoff, baseflow and interflow for each grid cell. Surface runoff is a combination of infiltration excess runoff and saturation excess runoff. The baseflow depends on groundwater storage and deep drainage from the deep soil store. The interflow term represents the sum of the total discharge to the stream from the upper and lower soil stores in each grid cell. The Bureau’s operational AWRA-L model is currently calibrated on a continental scale against streamflow observations and satellite based actual evapotranspiration and soil moisture. Hillslope processes are not simulated; there is no lateral flow between grid cells. Similarly, there is no routing technique used in AWRA-L. The estimated runoff for major urban areas should not be used due to lack of impervious layers in the Hydrological Response Units (HRU) of AWRA-L. The estimated runoff numbers for irrigation areas and open water storages (lakes) also needs to be used with caution due to lack of irrigated crops and waterbodies in the HRU.",
    "dct:modified" : {
      "@type" : "xsd:dateTime",
      "@value" : "2017-03-23T05:09:56.931Z"
    },
    "reg:definition" : {
      "@id" : "_:t20"
    },
    "reg:itemClass" : [ {
      "@id" : "skos:Concept"
    }, {
      "@id" : "op:ScaledQuantityKind"
    }, {
      "@id" : "qudt:QuantityKind"
    }, {
      "@id" : "qudt:MechanicsQuantityKind"
    } ],
    "reg:notation" : "runoff",
    "reg:register" : {
      "@id" : "http://registry.it.csiro.au/sandbox/csiro/oznome/AWRA-L"
    },
    "reg:status" : {
      "@id" : "reg:statusExperimental"
    },
    "reg:submitter" : {
      "@id" : "_:t15"
    },
    "rdfs:label" : {
      "@language" : "en",
      "@value" : "runoff"
    },
    "owl:versionInfo" : {
      "@type" : "xsd:integer",
      "@value" : "3"
    }
  }, {
    "@id" : "http://registry.it.csiro.au/sandbox/csiro/oznome/AWRA-L/_soil-moisture",
    "@type" : "reg:RegisterItem",
    "dct:dateAccepted" : {
      "@type" : "xsd:dateTime",
      "@value" : "2017-03-23T04:52:10.308Z"
    },
    "dct:dateSubmitted" : {
      "@type" : "xsd:dateTime",
      "@value" : "2017-03-23T04:30:56.82Z"
    },
    "dct:description" : "Soil Moisture estimate represents the percentage of available water content in the soil profile. The maximum storage within the soil layer is calculated from the depth of the soil and the relative soil water storage capacity. The soil properties that control the storage of water are derived from the continental scale mapping within Australian Soil Resources Information System (Johnston et al., 2003). The relative available water capacity of the soil layer is derived from ASRIS information as the available water capacity of a layer divided by its thickness. Pedotransfer functions are used to relate soil hydraulic properties to soil textural class. Soil drainage and moisture dynamics are then based on water balance considerations for each soil layer. The Actual soil moisture grids estimate the percentage of available water content rather than total soil water volume. The Relative soil moisture grids, like the other grids, represent the long term deciles. The soil moisture is not well represented in major urban areas due to a current lack of impervious layers in the Hydrological Response Units (HRU). Similarly, the estimated soil moisture for irrigation areas and open water needs to be taken with caution due to the current lack of irrigated crops and waterbodies in the HRU.",
    "dct:modified" : {
      "@type" : "xsd:dateTime",
      "@value" : "2017-03-28T05:46:23.977Z"
    },
    "reg:definition" : {
      "@id" : "_:t2"
    },
    "reg:itemClass" : [ {
      "@id" : "skos:Concept"
    }, {
      "@id" : "op:ScaledQuantityKind"
    }, {
      "@id" : "qudt:QuantityKind"
    }, {
      "@id" : "qudt:MechanicsQuantityKind"
    } ],
    "reg:notation" : "soil-moisture",
    "reg:register" : {
      "@id" : "http://registry.it.csiro.au/sandbox/csiro/oznome/AWRA-L"
    },
    "reg:status" : {
      "@id" : "reg:statusExperimental"
    },
    "reg:submitter" : {
      "@id" : "_:t1"
    },
    "rdfs:label" : {
      "@language" : "en",
      "@value" : "soil moisture"
    },
    "owl:versionInfo" : {
      "@type" : "xsd:integer",
      "@value" : "6"
    }
  }, {
    "@id" : "http://registry.it.csiro.au/sandbox/csiro/oznome/AWRA-L/_upper-soil-moisture",
    "@type" : "reg:RegisterItem",
    "dct:dateAccepted" : {
      "@type" : "xsd:dateTime",
      "@value" : "2017-03-15T20:02:57.181Z"
    },
    "dct:dateSubmitted" : {
      "@type" : "xsd:dateTime",
      "@value" : "2017-03-15T20:02:37.995Z"
    },
    "dct:description" : "Upper Soil Moisture estimate represents the percentage of available water content in the top 10 cm of the soil profile. The maximum storage within the soil layer is calculated from the depth of the soil and the relative soil water storage capacity. The soil properties that control the storage of water are derived from the continental scale mapping within Australian Soil Resources Information System (ASRIS) (Johnston et al., 2003). Pedotransfer functions are used to relate soil hydraulic properties to soil textural class. Soil drainage and moisture dynamics are then based on water balance considerations for each soil layer. This upper soil layer is the primary source of soil evaporation. The relative available water capacity of the upper soil layer is derived from ASRIS information as the available water capacity of a layer divided by its thickness. The Actual soil moisture grids estimate the percentage of available water content rather than total soil water volume. The Relative soil moisture grids, like the other grids, represent the long term deciles. The soil moisture is not well represented in major urban areas due to a current lack of impervious layers in the Hydrological Response Units (HRU). Similarly, the estimated soil moisture for irrigation areas and open water needs to be taken with caution due to the current lack of irrigated crops and water bodies in the HRU.",
    "dct:modified" : {
      "@type" : "xsd:dateTime",
      "@value" : "2017-03-28T05:53:06.793Z"
    },
    "reg:definition" : {
      "@id" : "_:t12"
    },
    "reg:itemClass" : [ {
      "@id" : "qudt:QuantityKind"
    }, {
      "@id" : "op:ScaledQuantityKind"
    }, {
      "@id" : "qudt:MechanicsQuantityKind"
    }, {
      "@id" : "skos:Concept"
    } ],
    "reg:notation" : "upper-soil-moisture",
    "reg:register" : {
      "@id" : "http://registry.it.csiro.au/sandbox/csiro/oznome/AWRA-L"
    },
    "reg:status" : {
      "@id" : "reg:statusExperimental"
    },
    "reg:submitter" : {
      "@id" : "_:t11"
    },
    "rdfs:label" : {
      "@language" : "en",
      "@value" : "upper soil moisture"
    },
    "owl:versionInfo" : {
      "@type" : "xsd:integer",
      "@value" : "8"
    }
  }, {
    "@id" : "http://registry.it.csiro.au/sandbox/csiro/oznome/AWRA-L/actual-evapotranspiration",
    "@type" : [ "qudt:MechanicsQuantityKind", "skos:Concept", "op:ScaledQuantityKind", "qudt:QuantityKind" ],
    "op:featureOfInterest" : {
      "@id" : "http://registry.it.csiro.au/sandbox/csiro/oznome/feature/earth-realm/critical-zone"
    },
    "op:objectOfInterest" : {
      "@id" : "http://registry.it.csiro.au/def/environment/object/water"
    },
    "dct:description" : "Actual Evapotranspiration is an estimate of the total evapotranspiration from vegetation, soil and groundwater. Water is evaporated directly from the canopy interception, the upper soil water store and the groundwater store. In addition water is withdrawn by transpiration from the lower soil water store, the deep soil water store and the groundwater store. The evaporation from canopy uses the event-based approach of Gash (1979) and the Van Dijk and Bruijnzeel (2001) modification for sparse canopies. Evaporation from groundwater occurs only in those saturated parts of the landscape where the water table intersects the surface. Soil evaporation depends on the moisture content of the upper layer for the unsaturated parts of the landscape. The actual transpiration is limited by a potential transpiration rate and a maximum root water uptake. Actual evapotranspiration is not well represented in major urban areas due to a current lack of impervious layers in the Hydrological Response Units (HRU). Similarly, the estimated actual evapotranspiration for irrigation areas and open water needs to be taken with caution due to the current lack of irrigated crops and waterbodies in the HRU. ",
    "dct:source" : [ {
      "@id" : "http://www.bom.gov.au/water/landscape/"
    }, {
      "@id" : "https://doi.org/10.4225/08/58518bc790ff7"
    } ],
    "qudt:generalization" : {
      "@id" : "http://registry.it.csiro.au/sandbox/csiro/oznome/AWRA-L/evapotranspiration"
    },
    "qudt:unit" : {
      "@id" : "http://registry.it.csiro.au/def/qudt/1.1/qudt-unit/Millimeter"
    },
    "rdfs:label" : "actual evapotranspiration",
    "skos:broader" : {
      "@id" : "http://registry.it.csiro.au/sandbox/csiro/oznome/AWRA-L/evapotranspiration"
    },
    "skos:prefLabel" : {
      "@language" : "en",
      "@value" : "actual evapotranspiration"
    }
  }, {
    "@id" : "http://registry.it.csiro.au/sandbox/csiro/oznome/AWRA-L/deep-drainage",
    "@type" : [ "op:ScaledQuantityKind", "skos:Concept", "qudt:QuantityKind", "qudt:MechanicsQuantityKind" ],
    "op:featureOfInterest" : {
      "@id" : "http://registry.it.csiro.au/sandbox/csiro/oznome/feature/earth-realm/pedosphere"
    },
    "op:objectOfInterest" : {
      "@id" : "http://registry.it.csiro.au/def/environment/object/water"
    },
    "dct:description" : {
      "@type" : "rdf:HTML",
      "@value" : "<p><b>Deep drainage</b> is an estimate of the water that drains from the bottom of the deep soil layer (6 m) into the groundwater stores. Soil drainage and moisture dynamics are based on water balance considerations for each layer, and unsaturated downward movement of water under gravity only. There is assumed to be no lateral drainage from the deep soil layer. Drainage from each layer is subject to limits imposed by water availability and hydraulic conductivity. Deep Drainage generally describes diffuse groundwater recharge.</p> <p><a href='http://www.bom.gov.au/water/landscape/'><img src='http://www.bom.gov.au/water/landscape/static/images/dd_avg.png' alt='Deep drainage from the two Hydrological Response Units (HRU) of the AWRA-L model' height='250' width='250'/></a></p> <p><i>Deep drainage from the two Hydrological Response Units (HRU) of the AWRA-L model</i></p>"
    },
    "dct:source" : [ {
      "@id" : "https://doi.org/10.4225/08/58518bc790ff7"
    }, {
      "@id" : "http://www.bom.gov.au/water/landscape/"
    } ],
    "qudt:unit" : {
      "@id" : "http://registry.it.csiro.au/def/qudt/1.1/qudt-unit/Millimeter"
    },
    "rdfs:label" : "deep drainage",
    "skos:definition" : {
      "@type" : "rdf:HTML",
      "@value" : "<p>Deep drainage is an estimate of the water that drains from the bottom of the deep soil layer (6 m) into the groundwater stores. Soil drainage and moisture dynamics are based on water balance considerations for each layer, and unsaturated downward movement of water under gravity only. There is assumed to be no lateral drainage from the deep soil layer. Drainage from each layer is subject to limits imposed by water availability and hydraulic conductivity. Deep Drainage generally describes diffuse groundwater recharge.</p>"
    },
    "skos:prefLabel" : {
      "@language" : "en",
      "@value" : "deep drainage"
    },
    "skos:topConceptOf" : {
      "@id" : "http://registry.it.csiro.au/sandbox/csiro/oznome/AWRA-L"
    }
  }, {
    "@id" : "http://registry.it.csiro.au/sandbox/csiro/oznome/AWRA-L/deep-soil-moisture",
    "@type" : [ "op:ScaledQuantityKind", "qudt:MechanicsQuantityKind", "qudt:QuantityKind", "skos:Concept" ],
    "op:constraint" : [ "upper depth 1m", "lower depth 6m" ],
    "op:featureOfInterest" : {
      "@id" : "http://registry.it.csiro.au/sandbox/csiro/oznome/feature/earth-realm/pedosphere"
    },
    "op:matrix" : {
      "@id" : "http://registry.it.csiro.au/sandbox/soil/soil-object/soil"
    },
    "op:objectOfInterest" : {
      "@id" : "http://registry.it.csiro.au/def/environment/object/water"
    },
    "dct:description" : "Deep Soil Moisture represents the percentage of available water content between 1 m and 6 m in the soil profile. The maximum storage within the soil layer is calculated from the depth of the soil and the relative soil water storage capacity. The soil properties of the deep soil layer are indirectly derived from ASRIS based on the lower soil layer properties. In this case it is assumed that the bulk density of the deep soil is higher than the lower soil and so the relative available water capacity is lower. The 6 m bottom boundary of the deep soil layer is based on the assumption that the deep rooted vegetation can access water down to 6 m. Only the deep rooted vegetation can access the deep soil moisture. The Actual soil moisture grids estimate the percentage of available water content rather than total soil water volume. The Relative soil moisture grids, like the other grids, represent the long term deciles. The soil moisture is not well represented in major urban areas due to a current lack of impervious layers in the Hydrological Response Units (HRU). Similarly, the estimated soil moisture for irrigation areas and open water needs to be taken with caution due to the current lack of irrigated crops and water bodies in the HRU.",
    "dct:source" : [ {
      "@id" : "http://www.bom.gov.au/water/landscape/"
    }, {
      "@id" : "https://doi.org/10.4225/08/58518bc790ff7"
    } ],
    "qudt:generalization" : [ {
      "@id" : "http://qudt.org/vocab/quantity#DimensionlessRatio"
    }, {
      "@id" : "http://registry.it.csiro.au/sandbox/csiro/oznome/AWRA-L/soil-moisture"
    } ],
    "qudt:unit" : {
      "@id" : "http://registry.it.csiro.au/def/qudt/1.1/qudt-unit/Percent"
    },
    "rdfs:label" : "deep soil moisture",
    "skos:broader" : {
      "@id" : "http://registry.it.csiro.au/sandbox/csiro/oznome/AWRA-L/soil-moisture"
    },
    "skos:prefLabel" : {
      "@language" : "en",
      "@value" : "deep soil moisture"
    }
  }, {
    "@id" : "http://registry.it.csiro.au/sandbox/csiro/oznome/AWRA-L/evapotranspiration",
    "@type" : [ "op:ScaledQuantityKind", "skos:Concept", "qudt:QuantityKind", "qudt:MechanicsQuantityKind" ],
    "op:featureOfInterest" : {
      "@id" : "http://registry.it.csiro.au/sandbox/csiro/oznome/feature/earth-realm/critical-zone"
    },
    "op:objectOfInterest" : {
      "@id" : "http://registry.it.csiro.au/def/environment/object/water"
    },
    "dct:description" : "Evapotranspiration is an estimate of the total evapotranspiration from vegetation, soil and groundwater. Water is evaporated directly from the canopy interception, the upper soil water store and the groundwater store. In addition water is withdrawn by transpiration from the lower soil water store, the deep soil water store and the groundwater store. Evaporation from groundwater occurs only in those saturated parts of the landscape where the water table intersects the surface. Soil evaporation depends on the moisture content of the upper layer for the unsaturated parts of the landscape. ",
    "dct:source" : [ {
      "@id" : "http://www.bom.gov.au/water/landscape/"
    }, {
      "@id" : "https://doi.org/10.4225/08/58518bc790ff7"
    } ],
    "qudt:unit" : {
      "@id" : "http://registry.it.csiro.au/def/qudt/1.1/qudt-unit/Millimeter"
    },
    "rdfs:label" : "evapotranspiration",
    "skos:narrower" : [ {
      "@id" : "http://registry.it.csiro.au/sandbox/csiro/oznome/AWRA-L/potential-evapotranspiration"
    }, {
      "@id" : "http://registry.it.csiro.au/sandbox/csiro/oznome/AWRA-L/actual-evapotranspiration"
    } ],
    "skos:prefLabel" : {
      "@language" : "en",
      "@value" : "evapotranspiration"
    },
    "skos:topConceptOf" : {
      "@id" : "http://registry.it.csiro.au/sandbox/csiro/oznome/AWRA-L"
    }
  }, {
    "@id" : "http://registry.it.csiro.au/sandbox/csiro/oznome/AWRA-L/lower-soil-moisture",
    "@type" : [ "skos:Concept", "qudt:QuantityKind", "qudt:MechanicsQuantityKind", "op:ScaledQuantityKind" ],
    "op:constraint" : [ "upper depth 0.1m", "lower depth 1m" ],
    "op:featureOfInterest" : {
      "@id" : "http://registry.it.csiro.au/sandbox/csiro/oznome/feature/earth-realm/pedosphere"
    },
    "op:matrix" : {
      "@id" : "http://registry.it.csiro.au/sandbox/soil/soil-object/soil"
    },
    "op:objectOfInterest" : {
      "@id" : "http://registry.it.csiro.au/def/environment/object/water"
    },
    "dct:description" : "Lower Soil Moisture estimate represents the percentage of available water content between 10 cm and 100 cm in the soil profile. The maximum storage within the soil layer is calculated from the depth of the soil and the relative soil water storage capacity. The soil properties that control the storage of water are derived from the continental scale mapping within Australian Soil Resources Information System (Johnston et al., 2003). The relative available water capacity of the lower soil layer is derived from ASRIS information as the available water capacity of a layer divided by its thickness. Pedotransfer functions are used to relate soil hydraulic properties to soil textural class. Soil drainage and moisture dynamics are then based on water balance considerations for each soil layer. The shallow and deep rooted vegetation can draw on this Lower Soil Moisture layer. The Actual soil moisture grids estimate the percentage of available water content rather than total soil water volume. The Relative soil moisture grids, like the other grids, represent the long term deciles. The soil moisture is not well represented in major urban areas due to a current lack of impervious layers in the Hydrological Response Units (HRU). Similarly, the estimated soil moisture for irrigation areas and open water needs to be taken with caution due to the current lack of irrigated crops and waterbodies in the HRU.",
    "dct:source" : [ {
      "@id" : "https://doi.org/10.4225/08/58518bc790ff7"
    }, {
      "@id" : "http://www.bom.gov.au/water/landscape/"
    } ],
    "qudt:generalization" : [ {
      "@id" : "http://qudt.org/vocab/quantity#DimensionlessRatio"
    }, {
      "@id" : "http://registry.it.csiro.au/sandbox/csiro/oznome/AWRA-L/root-zone-soil-moisture"
    } ],
    "qudt:unit" : {
      "@id" : "http://registry.it.csiro.au/def/qudt/1.1/qudt-unit/Percent"
    },
    "rdfs:label" : "lower soil moisture",
    "skos:broader" : {
      "@id" : "http://registry.it.csiro.au/sandbox/csiro/oznome/AWRA-L/root-zone-soil-moisture"
    },
    "skos:prefLabel" : {
      "@language" : "en",
      "@value" : "lower soil moisture"
    }
  }, {
    "@id" : "http://registry.it.csiro.au/sandbox/csiro/oznome/AWRA-L/potential-evapotranspiration",
    "@type" : [ "op:ScaledQuantityKind", "skos:Concept", "qudt:QuantityKind", "qudt:MechanicsQuantityKind" ],
    "op:featureOfInterest" : {
      "@id" : "http://registry.it.csiro.au/sandbox/csiro/oznome/feature/earth-realm/critical-zone"
    },
    "op:objectOfInterest" : {
      "@id" : "http://registry.it.csiro.au/def/environment/object/water"
    },
    "dct:description" : "The potential evapotranspiration in AWRA-L is calculated on a 0.05 degree (approximately 5 x 5 km) national grid using the Penman (1948) equation. Potential evapotranspiration provides an upper limit on evaporation and transpiration processes from the soil and vegetation and depends solely on the available energy at the surface. The daily gridded climate datasets used to produce this estimate include downward solar irradiance, and maximum and minimum air temperature produced by the Bureau of Meteorology (Jones et al., 2009) and windspeed at 2 m which is input as a spatially-gridded long-term average (McVicar et al., 2008).",
    "dct:source" : [ {
      "@id" : "http://www.bom.gov.au/water/landscape/"
    }, {
      "@id" : "https://doi.org/10.4225/08/58518bc790ff7"
    } ],
    "qudt:generalization" : {
      "@id" : "http://registry.it.csiro.au/sandbox/csiro/oznome/AWRA-L/evapotranspiration"
    },
    "qudt:unit" : {
      "@id" : "http://registry.it.csiro.au/def/qudt/1.1/qudt-unit/Millimeter"
    },
    "rdfs:label" : "potential evapotranspiration",
    "skos:broader" : {
      "@id" : "http://registry.it.csiro.au/sandbox/csiro/oznome/AWRA-L/evapotranspiration"
    },
    "skos:prefLabel" : {
      "@language" : "en",
      "@value" : "potential evapotranspiration"
    }
  }, {
    "@id" : "http://registry.it.csiro.au/sandbox/csiro/oznome/AWRA-L/precipitation",
    "@type" : [ "qudt:MechanicsQuantityKind", "op:ScaledQuantityKind", "qudt:QuantityKind", "skos:Concept" ],
    "op:objectOfInterest" : {
      "@id" : "http://registry.it.csiro.au/def/environment/object/water"
    },
    "dct:description" : "Daily precipitation grids are produced by the Bureau from approximately 6,500 rain gauge stations and interpolated to a 0.05 degree (approximately 5 x 5 km) national grid (Jones et al. 2009). Precipitation is an input into the AWRA-L model. The estimates were subject to approximations associated with interpolating observation point data to a national grid detailed in Jones et al. (2009). The precipitation input to the AWRA-L model are the near real time daily grids available at www.bom.gov.au/climate/maps. The monthly and annual precipitation is simply an aggregation of the near real time daily grids input to the AWRA-L model. Monthly grids that include additional rain gauge stations and rainfall observations (that are not available in near real time) can be found at www.bom.gov.au/climate/maps",
    "dct:source" : [ {
      "@id" : "http://www.bom.gov.au/water/landscape/"
    }, {
      "@id" : "https://doi.org/10.4225/08/58518bc790ff7"
    } ],
    "qudt:unit" : {
      "@id" : "http://registry.it.csiro.au/def/qudt/1.1/qudt-unit/Millimeter"
    },
    "rdfs:label" : "precipitation",
    "skos:prefLabel" : {
      "@language" : "en",
      "@value" : "precipitation"
    },
    "skos:topConceptOf" : {
      "@id" : "http://registry.it.csiro.au/sandbox/csiro/oznome/AWRA-L"
    }
  }, {
    "@id" : "http://registry.it.csiro.au/sandbox/csiro/oznome/AWRA-L/root-zone-soil-moisture",
    "@type" : [ "qudt:QuantityKind", "skos:Concept", "qudt:MechanicsQuantityKind", "op:ScaledQuantityKind" ],
    "op:constraint" : "lower depth 1m",
    "op:featureOfInterest" : {
      "@id" : "http://registry.it.csiro.au/sandbox/csiro/oznome/feature/earth-realm/pedosphere"
    },
    "op:matrix" : {
      "@id" : "http://registry.it.csiro.au/sandbox/soil/soil-object/soil"
    },
    "op:objectOfInterest" : {
      "@id" : "http://registry.it.csiro.au/def/environment/object/water"
    },
    "dct:description" : "Root Zone Soil Moisture is the sum of water in the AWRA-L Upper and Lower soil layers and represents the percentage of available water content in the top 1 m of the soil profile. The maximum storage within the soil layer is calculated from the depth of the soil and the relative soil water storage capacity. The soil properties that control the storage of water are derived from the continental scale mapping within Australian Soil Resources Information System (Johnston et al., 2003). The relative available water capacity of the soil layer is derived from information ASRIS as the available water capacity of a layer divided by its thickness. Pedotransfer functions are used to relate soil hydraulic properties to soil textural class. Soil drainage and moisture dynamics are then based on water balance considerations for each soil layer. The shallow and deep rooted vegetation can both draw on this combined layer. The Actual soil moisture grids estimate the percentage of available water content rather than total soil water volume. The Relative soil moisture grids, like the other grids, represent the long term deciles. The soil moisture is not well represented in major urban areas due to a current lack of impervious layers in the Hydrological Response Units (HRU). Similarly, the estimated soil moisture for irrigation areas and open water needs to be taken with caution due to the current lack of irrigated crops and waterbodies in the HRU.",
    "dct:source" : [ {
      "@id" : "http://www.bom.gov.au/water/landscape/"
    }, {
      "@id" : "https://doi.org/10.4225/08/58518bc790ff7"
    } ],
    "qudt:generalization" : [ {
      "@id" : "http://registry.it.csiro.au/sandbox/csiro/oznome/AWRA-L/soil-moisture"
    }, {
      "@id" : "http://qudt.org/vocab/quantity#DimensionlessRatio"
    } ],
    "qudt:unit" : {
      "@id" : "http://registry.it.csiro.au/def/qudt/1.1/qudt-unit/Percent"
    },
    "rdfs:label" : "root zone soil moisture",
    "skos:broader" : {
      "@id" : "http://registry.it.csiro.au/sandbox/csiro/oznome/AWRA-L/soil-moisture"
    },
    "skos:narrower" : [ {
      "@id" : "http://registry.it.csiro.au/sandbox/csiro/oznome/AWRA-L/lower-soil-moisture"
    }, {
      "@id" : "http://registry.it.csiro.au/sandbox/csiro/oznome/AWRA-L/upper-soil-moisture"
    } ],
    "skos:prefLabel" : {
      "@language" : "en",
      "@value" : "root zone soil moisture"
    }
  }, {
    "@id" : "http://registry.it.csiro.au/sandbox/csiro/oznome/AWRA-L/runoff",
    "@type" : [ "skos:Concept", "qudt:MechanicsQuantityKind", "op:ScaledQuantityKind", "qudt:QuantityKind" ],
    "op:objectOfInterest" : {
      "@id" : "http://registry.it.csiro.au/def/environment/object/water"
    },
    "dct:description" : "Runoff represents a modelled estimate expected from a small unimpaired catchment. It is produced from surface runoff, baseflow and interflow for each grid cell. Surface runoff is a combination of infiltration excess runoff and saturation excess runoff. The baseflow depends on groundwater storage and deep drainage from the deep soil store. The interflow term represents the sum of the total discharge to the stream from the upper and lower soil stores in each grid cell. The Bureau’s operational AWRA-L model is currently calibrated on a continental scale against streamflow observations and satellite based actual evapotranspiration and soil moisture. Hillslope processes are not simulated; there is no lateral flow between grid cells. Similarly, there is no routing technique used in AWRA-L. The estimated runoff for major urban areas should not be used due to lack of impervious layers in the Hydrological Response Units (HRU) of AWRA-L. The estimated runoff numbers for irrigation areas and open water storages (lakes) also needs to be used with caution due to lack of irrigated crops and waterbodies in the HRU.",
    "dct:source" : [ {
      "@id" : "http://www.bom.gov.au/water/landscape/"
    }, {
      "@id" : "https://doi.org/10.4225/08/58518bc790ff7"
    } ],
    "qudt:unit" : {
      "@id" : "http://registry.it.csiro.au/def/qudt/1.1/qudt-unit/Millimeter"
    },
    "rdfs:label" : "runoff",
    "skos:prefLabel" : {
      "@language" : "en",
      "@value" : "runoff"
    },
    "skos:topConceptOf" : {
      "@id" : "http://registry.it.csiro.au/sandbox/csiro/oznome/AWRA-L"
    }
  }, {
    "@id" : "http://registry.it.csiro.au/sandbox/csiro/oznome/AWRA-L/soil-moisture",
    "@type" : [ "qudt:QuantityKind", "skos:Concept", "qudt:MechanicsQuantityKind", "op:ScaledQuantityKind" ],
    "op:featureOfInterest" : {
      "@id" : "http://registry.it.csiro.au/sandbox/csiro/oznome/feature/earth-realm/pedosphere"
    },
    "op:matrix" : {
      "@id" : "http://registry.it.csiro.au/sandbox/soil/soil-object/soil"
    },
    "op:objectOfInterest" : {
      "@id" : "http://registry.it.csiro.au/def/environment/object/water"
    },
    "dct:description" : "Soil Moisture estimate represents the percentage of available water content in the soil profile. The maximum storage within the soil layer is calculated from the depth of the soil and the relative soil water storage capacity. The soil properties that control the storage of water are derived from the continental scale mapping within Australian Soil Resources Information System (Johnston et al., 2003). The relative available water capacity of the soil layer is derived from ASRIS information as the available water capacity of a layer divided by its thickness. Pedotransfer functions are used to relate soil hydraulic properties to soil textural class. Soil drainage and moisture dynamics are then based on water balance considerations for each soil layer. The Actual soil moisture grids estimate the percentage of available water content rather than total soil water volume. The Relative soil moisture grids, like the other grids, represent the long term deciles. The soil moisture is not well represented in major urban areas due to a current lack of impervious layers in the Hydrological Response Units (HRU). Similarly, the estimated soil moisture for irrigation areas and open water needs to be taken with caution due to the current lack of irrigated crops and waterbodies in the HRU.",
    "qudt:generalization" : {
      "@id" : "http://qudt.org/vocab/quantity#DimensionlessRatio"
    },
    "qudt:unit" : {
      "@id" : "http://registry.it.csiro.au/def/qudt/1.1/qudt-unit/Percent"
    },
    "rdfs:label" : "soil moisture",
    "skos:narrower" : [ {
      "@id" : "http://registry.it.csiro.au/sandbox/csiro/oznome/AWRA-L/root-zone-soil-moisture"
    }, {
      "@id" : "http://registry.it.csiro.au/sandbox/csiro/oznome/AWRA-L/deep-soil-moisture"
    } ],
    "skos:prefLabel" : {
      "@language" : "en",
      "@value" : "soil moisture"
    },
    "skos:topConceptOf" : {
      "@id" : "http://registry.it.csiro.au/sandbox/csiro/oznome/AWRA-L"
    }
  }, {
    "@id" : "http://registry.it.csiro.au/sandbox/csiro/oznome/AWRA-L/upper-soil-moisture",
    "@type" : [ "op:ScaledQuantityKind", "qudt:MechanicsQuantityKind", "qudt:QuantityKind", "skos:Concept" ],
    "op:constraint" : "lower depth 0.1m",
    "op:featureOfInterest" : {
      "@id" : "http://registry.it.csiro.au/sandbox/csiro/oznome/feature/earth-realm/pedosphere"
    },
    "op:matrix" : {
      "@id" : "http://registry.it.csiro.au/sandbox/soil/soil-object/soil"
    },
    "op:objectOfInterest" : {
      "@id" : "http://registry.it.csiro.au/def/environment/object/water"
    },
    "dct:description" : "Upper Soil Moisture estimate represents the percentage of available water content in the top 10 cm of the soil profile. The maximum storage within the soil layer is calculated from the depth of the soil and the relative soil water storage capacity. The soil properties that control the storage of water are derived from the continental scale mapping within Australian Soil Resources Information System (ASRIS) (Johnston et al., 2003). Pedotransfer functions are used to relate soil hydraulic properties to soil textural class. Soil drainage and moisture dynamics are then based on water balance considerations for each soil layer. This upper soil layer is the primary source of soil evaporation. The relative available water capacity of the upper soil layer is derived from ASRIS information as the available water capacity of a layer divided by its thickness. The Actual soil moisture grids estimate the percentage of available water content rather than total soil water volume. The Relative soil moisture grids, like the other grids, represent the long term deciles. The soil moisture is not well represented in major urban areas due to a current lack of impervious layers in the Hydrological Response Units (HRU). Similarly, the estimated soil moisture for irrigation areas and open water needs to be taken with caution due to the current lack of irrigated crops and water bodies in the HRU.",
    "dct:source" : [ {
      "@id" : "https://doi.org/10.4225/08/58518bc790ff7"
    }, {
      "@id" : "http://www.bom.gov.au/water/landscape/"
    } ],
    "qudt:generalization" : [ {
      "@id" : "http://qudt.org/vocab/quantity#DimensionlessRatio"
    }, {
      "@id" : "http://registry.it.csiro.au/sandbox/csiro/oznome/AWRA-L/root-zone-soil-moisture"
    } ],
    "qudt:unit" : {
      "@id" : "http://registry.it.csiro.au/def/qudt/1.1/qudt-unit/Percent"
    },
    "rdfs:label" : "upper soil moisture",
    "skos:broader" : {
      "@id" : "http://registry.it.csiro.au/sandbox/csiro/oznome/AWRA-L/root-zone-soil-moisture"
    },
    "skos:prefLabel" : {
      "@language" : "en",
      "@value" : "upper soil moisture"
    }
  }, {
    "@id" : "http://registry.it.csiro.au/sandbox/csiro/oznome/_AWRA-L",
    "@type" : "reg:RegisterItem",
    "dct:dateAccepted" : {
      "@type" : "xsd:dateTime",
      "@value" : "2017-02-06T18:51:32.051Z"
    },
    "dct:dateSubmitted" : {
      "@type" : "xsd:dateTime",
      "@value" : "2017-02-06T18:50:41.114Z"
    },
    "dct:description" : {
      "@type" : "rdf:HTML",
      "@value" : "<p>Vocabulary for <a href='http://www.bom.gov.au/water/landscape/'>Australian Water Resources Assessment landscape (AWRA-L) model</a>.</p><p>This vocabulary has been converted from the source materials into Linked Data and assembled for the 'OzNome for Land and Water' project by <a href='mailto:sally.tetreault-campbell@csiro.au'>Sally Tetreault-Campbell</a> and <a href='mailto:simon.cox@csiro.au'>Simon Cox</a>. Please contact them to correct errors or propose new definitions or items.</p>"
    },
    "dct:modified" : {
      "@type" : "xsd:dateTime",
      "@value" : "2017-08-31T05:09:17.036Z"
    },
    "reg:definition" : {
      "@id" : "_:t23"
    },
    "reg:itemClass" : [ {
      "@id" : "ldp:Container"
    }, {
      "@id" : "reg:Register"
    } ],
    "reg:notation" : "AWRA-L",
    "reg:register" : {
      "@id" : "http://registry.it.csiro.au/sandbox/csiro/oznome"
    },
    "reg:status" : {
      "@id" : "reg:statusExperimental"
    },
    "reg:submitter" : {
      "@id" : "_:t10"
    },
    "rdfs:label" : "AWRA-L vocabulary",
    "owl:versionInfo" : {
      "@type" : "xsd:integer",
      "@value" : "13"
    }
  } ],
  "@context" : {
    "qudt" : "http://qudt.org/schema/qudt#",
    "owl" : "http://www.w3.org/2002/07/owl#",
    "ssd" : "http://www.w3.org/ns/sparql-service-description#",
    "rr-entity" : "http://registry.it.csiro.au/structure/entity-type/",
    "xsd" : "http://www.w3.org/2001/XMLSchema#",
    "skos" : "http://www.w3.org/2004/02/skos/core#",
    "rdfs" : "http://www.w3.org/2000/01/rdf-schema#",
    "spec" : "http://www.opengis.net/ont/modspec#",
    "qb" : "http://purl.org/linked-data/cube#",
    "dgu" : "http://reference.data.gov.uk/def/reference/",
    "dct" : "http://purl.org/dc/terms/",
    "ui" : "http://purl.org/linked-data/registry-ui#",
    "reg" : "http://purl.org/linked-data/registry#",
    "api" : "http://purl.org/linked-data/api/vocab#",
    "vivo" : "http://vivoweb.org/ontology/core#",
    "vann" : "http://purl.org/vocab/vann/",
    "prov" : "http://www.w3.org/ns/prov#",
    "foaf" : "http://xmlns.com/foaf/0.1/",
    "cc" : "http://creativecommons.org/ns#",
    "op" : "http://environment.data.gov.au/def/op#",
    "void" : "http://rdfs.org/ns/void#",
    "dtr" : "http://registry.it.csiro.au/ont/dtr#",
    "npg" : "http://ns.nature.com/terms/",
    "odrs" : "http://schema.theodi.org/odrs#",
    "org" : "http://www.w3.org/ns/org#",
    "skosxl" : "http://www.w3.org/2008/05/skos-xl#",
    "gba" : "http://registry.it.csiro.au/ont/gba-approval/",
    "version" : "http://purl.org/linked-data/version#",
    "rr-cat" : "http://registry.it.csiro.au/structure/category/",
    "rr-org" : "http://registry.it.csiro.au/structure/org/",
    "rdf" : "http://www.w3.org/1999/02/22-rdf-syntax-ns#",
    "ldp" : "http://www.w3.org/ns/ldp#",
    "bibo" : "http://purl.org/ontology/bibo/",
    "rr-ui" : "http://registry.it.csiro.au/structure/ui/",
    "time" : "http://www.w3.org/2006/time#",
    "vs" : "http://www.w3.org/2003/06/sw-vocab-status/ns#",
    "dc" : "http://purl.org/dc/elements/1.1/"
  }
}