{
  "@graph" : [ {
    "@id" : "_:t1",
    "reg:entity" : {
      "@id" : "http://registry.it.csiro.au/sandbox/environment/property/vapour_pressure"
    },
    "reg:sourceGraph" : {
      "@id" : "http://registry.it.csiro.au/sandbox/environment/property/_vapour_pressure:3#graph"
    }
  }, {
    "@id" : "_:t2",
    "foaf:accountName" : "https://plus.google.com/+SimonCox1959",
    "foaf:name" : "Simon Cox"
  }, {
    "@id" : "_:t3",
    "reg:entity" : {
      "@id" : "http://registry.it.csiro.au/sandbox/environment/property"
    },
    "reg:entityVersion" : {
      "@id" : "http://registry.it.csiro.au/sandbox/environment/property:1"
    }
  }, {
    "@id" : "_:t4",
    "foaf:accountName" : "https://plus.google.com/+SimonCox1959",
    "foaf:name" : "Simon Cox"
  }, {
    "@id" : "_:t5",
    "foaf:accountName" : "https://plus.google.com/+SimonCox1959",
    "foaf:name" : "Simon Cox"
  }, {
    "@id" : "_:t6",
    "reg:entity" : {
      "@id" : "http://registry.it.csiro.au/sandbox/environment/property/soil_temperature"
    },
    "reg:sourceGraph" : {
      "@id" : "http://registry.it.csiro.au/sandbox/environment/property/_soil_temperature:1#graph"
    }
  }, {
    "@id" : "_:t7",
    "reg:entity" : {
      "@id" : "http://registry.it.csiro.au/sandbox/environment/property/evaporation"
    },
    "reg:sourceGraph" : {
      "@id" : "http://registry.it.csiro.au/sandbox/environment/property/_evaporation:5#graph"
    }
  }, {
    "@id" : "_:t8",
    "foaf:accountName" : "https://plus.google.com/+SimonCox1959",
    "foaf:name" : "Simon Cox"
  }, {
    "@id" : "http://registry.it.csiro.au/sandbox/environment/_property",
    "@type" : "reg:RegisterItem",
    "dct:dateAccepted" : {
      "@type" : "xsd:dateTime",
      "@value" : "2017-11-23T06:43:59.431Z"
    },
    "dct:dateSubmitted" : {
      "@type" : "xsd:dateTime",
      "@value" : "2017-11-23T06:42:31.848Z"
    },
    "dct:description" : "A collection of observable properties. This vocabulary defines terms for observed properties originally used for groundwater, surface water and marine water quality observations. Most PropertyKinds are associated with a Species object via the objectOfInterest property or a real-world Feature via the featureOfInterest property. The sub-class of PropertyKinds that can be measured are ScaledQuantityKinds, which have appropriate units of measure (qudt:unit property). This water quality ontology re-uses the Quantities, Units, Dimensions, Data Types (QUDT) ontology which is developed by TopQuadrant and NASA.",
    "reg:definition" : {
      "@id" : "_:t3"
    },
    "reg:itemClass" : {
      "@id" : "reg:Register"
    },
    "reg:notation" : "property",
    "reg:register" : {
      "@id" : "http://registry.it.csiro.au/sandbox/environment"
    },
    "reg:status" : {
      "@id" : "reg:statusExperimental"
    },
    "reg:submitter" : {
      "@id" : "_:t4"
    },
    "rdfs:label" : "observable properties",
    "owl:versionInfo" : {
      "@type" : "xsd:integer",
      "@value" : "2"
    }
  }, {
    "@id" : "http://registry.it.csiro.au/sandbox/environment/property",
    "@type" : [ "reg:Register", "ldp:Container" ],
    "dct:description" : "A collection of observable properties. This vocabulary defines terms for observed properties originally used for groundwater, surface water and marine water quality observations. Most PropertyKinds are associated with a Species object via the objectOfInterest property or a real-world Feature via the featureOfInterest property. The sub-class of PropertyKinds that can be measured are ScaledQuantityKinds, which have appropriate units of measure (qudt:unit property). This water quality ontology re-uses the Quantities, Units, Dimensions, Data Types (QUDT) ontology which is developed by TopQuadrant and NASA.",
    "dct:modified" : {
      "@type" : "xsd:dateTime",
      "@value" : "2017-11-27T01:37:12.589Z"
    },
    "reg:notation" : "property",
    "rdfs:label" : "observable properties",
    "rdfs:member" : [ {
      "@id" : "http://registry.it.csiro.au/sandbox/environment/property/evaporation"
    }, {
      "@id" : "http://registry.it.csiro.au/sandbox/environment/property/vapour_pressure"
    }, {
      "@id" : "http://registry.it.csiro.au/sandbox/environment/property/soil_temperature"
    } ],
    "owl:versionInfo" : {
      "@type" : "xsd:integer",
      "@value" : "4"
    }
  }, {
    "@id" : "http://registry.it.csiro.au/sandbox/environment/property/_evaporation",
    "@type" : "reg:RegisterItem",
    "dct:dateAccepted" : {
      "@type" : "xsd:dateTime",
      "@value" : "2017-11-26T08:52:59.25Z"
    },
    "dct:dateSubmitted" : {
      "@type" : "xsd:dateTime",
      "@value" : "2017-11-26T08:52:48.814Z"
    },
    "dct:description" : {
      "@language" : "en",
      "@value" : "Evaporation is the amount of water which evaporates from an open pan called a Class A evaporation pan.\n        The rate of evaporation depends on factors such as cloudiness, air temperature and wind speed.\n        Measurements are made by the addition or subtraction of a known amount of water, which then tells us how much water has evaporated from the pan."
    },
    "dct:modified" : {
      "@type" : "xsd:dateTime",
      "@value" : "2017-11-27T04:12:52.89Z"
    },
    "reg:definition" : {
      "@id" : "_:t7"
    },
    "reg:itemClass" : [ {
      "@id" : "qudt:PhysicsQuantityKind"
    }, {
      "@id" : "skos:Concept"
    }, {
      "@id" : "qudt:QuantityKind"
    } ],
    "reg:notation" : "evaporation",
    "reg:register" : {
      "@id" : "http://registry.it.csiro.au/sandbox/environment/property"
    },
    "reg:status" : {
      "@id" : "reg:statusExperimental"
    },
    "reg:submitter" : {
      "@id" : "_:t5"
    },
    "rdfs:label" : {
      "@language" : "en",
      "@value" : "evaporation"
    },
    "owl:versionInfo" : {
      "@type" : "xsd:integer",
      "@value" : "5"
    }
  }, {
    "@id" : "http://registry.it.csiro.au/sandbox/environment/property/_soil_temperature",
    "@type" : "reg:RegisterItem",
    "dct:dateAccepted" : {
      "@type" : "xsd:dateTime",
      "@value" : "2017-11-26T08:43:32.585Z"
    },
    "dct:dateSubmitted" : {
      "@type" : "xsd:dateTime",
      "@value" : "2017-11-26T08:42:57.804Z"
    },
    "dct:description" : {
      "@language" : "en",
      "@value" : "soil temperature"
    },
    "reg:definition" : {
      "@id" : "_:t6"
    },
    "reg:itemClass" : [ {
      "@id" : "qudt:QuantityKind"
    }, {
      "@id" : "skos:Concept"
    }, {
      "@id" : "qudt:ThermodynamicsQuantityKind"
    } ],
    "reg:notation" : "soil_temperature",
    "reg:register" : {
      "@id" : "http://registry.it.csiro.au/sandbox/environment/property"
    },
    "reg:status" : {
      "@id" : "reg:statusExperimental"
    },
    "reg:submitter" : {
      "@id" : "_:t8"
    },
    "rdfs:label" : {
      "@language" : "en",
      "@value" : "soil temperature"
    },
    "owl:versionInfo" : {
      "@type" : "xsd:integer",
      "@value" : "2"
    }
  }, {
    "@id" : "http://registry.it.csiro.au/sandbox/environment/property/_vapour_pressure",
    "@type" : "reg:RegisterItem",
    "dct:dateAccepted" : {
      "@type" : "xsd:dateTime",
      "@value" : "2017-11-27T01:37:25.53Z"
    },
    "dct:dateSubmitted" : {
      "@type" : "xsd:dateTime",
      "@value" : "2017-11-27T01:37:12.45Z"
    },
    "dct:description" : {
      "@language" : "en",
      "@value" : "Vapor pressure or equilibrium vapor pressure is defined as the pressure exerted by a vapor in thermodynamic equilibrium with its condensed phases (solid or liquid) at a given temperature in a closed system.\n        The equilibrium vapor pressure is an indication of a liquid's evaporation rate.\n        It relates to the tendency of particles to escape from the liquid (or a solid).\n\n        In meteorology, the term vapor pressure is used to mean the partial pressure of water vapor in the atmosphere, even if it is not in equilibrium, and the equilibrium vapor pressure is specified otherwise.\n        Meteorologists also use the term saturation vapor pressure to refer to the equilibrium vapor pressure of water or brine above a flat surface, to distinguish it from equilibrium vapor pressure, which takes into account the shape and size of water droplets and particulates in the atmosphere."
    },
    "dct:modified" : {
      "@type" : "xsd:dateTime",
      "@value" : "2017-11-27T04:11:33.054Z"
    },
    "reg:definition" : {
      "@id" : "_:t1"
    },
    "reg:itemClass" : [ {
      "@id" : "skos:Concept"
    }, {
      "@id" : "qudt:PhysicsQuantityKind"
    }, {
      "@id" : "qudt:QuantityKind"
    } ],
    "reg:notation" : "vapour_pressure",
    "reg:register" : {
      "@id" : "http://registry.it.csiro.au/sandbox/environment/property"
    },
    "reg:status" : {
      "@id" : "reg:statusExperimental"
    },
    "reg:submitter" : {
      "@id" : "_:t2"
    },
    "rdfs:label" : {
      "@language" : "en",
      "@value" : "vapour pressure"
    },
    "owl:versionInfo" : {
      "@type" : "xsd:integer",
      "@value" : "3"
    }
  }, {
    "@id" : "http://registry.it.csiro.au/sandbox/environment/property/evaporation",
    "@type" : [ "skos:Concept", "qudt:PhysicsQuantityKind", "qudt:QuantityKind" ],
    "op:objectOfInterest" : {
      "@id" : "http://sweetontology.net/matrWater/LiquidWater"
    },
    "dct:description" : {
      "@language" : "en",
      "@value" : "Evaporation is the amount of water which evaporates from an open pan called a Class A evaporation pan.\n        The rate of evaporation depends on factors such as cloudiness, air temperature and wind speed.\n        Measurements are made by the addition or subtraction of a known amount of water, which then tells us how much water has evaporated from the pan."
    },
    "dct:source" : {
      "@id" : "http://www.bom.gov.au/watl/evaporation/"
    },
    "qudt:unit" : {
      "@id" : "http://qudt.org/vocab/unit/MM"
    },
    "rdfs:isDefinedBy" : {
      "@id" : "http://www.bom.gov.au/watl/evaporation"
    },
    "rdfs:label" : "evaporation",
    "skos:prefLabel" : {
      "@language" : "en",
      "@value" : "evaporation"
    }
  }, {
    "@id" : "http://registry.it.csiro.au/sandbox/environment/property/soil_temperature",
    "@type" : [ "skos:Concept", "qudt:QuantityKind", "qudt:ThermodynamicsQuantityKind" ],
    "op:objectOfInterest" : {
      "@id" : "http://id.agrisemantics.org/gacs/C113"
    },
    "dct:description" : {
      "@language" : "en",
      "@value" : "soil temperature"
    },
    "qudt:generalization" : {
      "@id" : "http://qudt.org/vocab/quantity#ThermodynamicTemperature"
    },
    "qudt:unit" : {
      "@id" : "http://qudt.org/vocab/unit#DegreeCelsius"
    },
    "rdfs:label" : "soil temperature",
    "skos:broader" : {
      "@id" : "http://qudt.org/vocab/quantity#ThermodynamicTemperature"
    },
    "skos:prefLabel" : {
      "@language" : "en",
      "@value" : "soil temperature"
    }
  }, {
    "@id" : "http://registry.it.csiro.au/sandbox/environment/property/vapour_pressure",
    "@type" : [ "qudt:QuantityKind", "skos:Concept", "qudt:PhysicsQuantityKind" ],
    "op:objectOfInterest" : {
      "@id" : "http://sweetontology.net/matrWater/LiquidWater"
    },
    "dct:description" : {
      "@language" : "en",
      "@value" : "Vapor pressure or equilibrium vapor pressure is defined as the pressure exerted by a vapor in thermodynamic equilibrium with its condensed phases (solid or liquid) at a given temperature in a closed system.\n        The equilibrium vapor pressure is an indication of a liquid's evaporation rate.\n        It relates to the tendency of particles to escape from the liquid (or a solid).\n\n        In meteorology, the term vapor pressure is used to mean the partial pressure of water vapor in the atmosphere, even if it is not in equilibrium, and the equilibrium vapor pressure is specified otherwise.\n        Meteorologists also use the term saturation vapor pressure to refer to the equilibrium vapor pressure of water or brine above a flat surface, to distinguish it from equilibrium vapor pressure, which takes into account the shape and size of water droplets and particulates in the atmosphere."
    },
    "dct:source" : {
      "@id" : "https://en.wikipedia.org/wiki/Vapor_pressure#Meaning_in_meteorology"
    },
    "qudt:unit" : [ {
      "@id" : "http://qudt.org/vocab/unit/MilliBAR"
    }, {
      "@id" : "http://qudt.org/vocab/unit/HPa"
    } ],
    "rdfs:isDefinedBy" : {
      "@id" : "https://en.wikipedia.org/wiki/Vapor_pressure#Meaning_in_meteorology"
    },
    "rdfs:label" : "vapour pressure",
    "rdfs:seeAlso" : [ {
      "@id" : "https://en.wikipedia.org/wiki/Vapor_pressure#Meaning_in_meteorology"
    }, {
      "@id" : "https://www.longpaddock.qld.gov.au/silo/data_format.html"
    } ],
    "skos:prefLabel" : {
      "@language" : "en",
      "@value" : "vapour pressure"
    }
  } ],
  "@context" : {
    "qudt" : "http://qudt.org/schema/qudt#",
    "owl" : "http://www.w3.org/2002/07/owl#",
    "ssd" : "http://www.w3.org/ns/sparql-service-description#",
    "rr-entity" : "http://registry.it.csiro.au/structure/entity-type/",
    "xsd" : "http://www.w3.org/2001/XMLSchema#",
    "skos" : "http://www.w3.org/2004/02/skos/core#",
    "rdfs" : "http://www.w3.org/2000/01/rdf-schema#",
    "spec" : "http://www.opengis.net/ont/modspec#",
    "qb" : "http://purl.org/linked-data/cube#",
    "dgu" : "http://reference.data.gov.uk/def/reference/",
    "dct" : "http://purl.org/dc/terms/",
    "ui" : "http://purl.org/linked-data/registry-ui#",
    "reg" : "http://purl.org/linked-data/registry#",
    "api" : "http://purl.org/linked-data/api/vocab#",
    "vivo" : "http://vivoweb.org/ontology/core#",
    "vann" : "http://purl.org/vocab/vann/",
    "prov" : "http://www.w3.org/ns/prov#",
    "foaf" : "http://xmlns.com/foaf/0.1/",
    "cc" : "http://creativecommons.org/ns#",
    "op" : "http://environment.data.gov.au/def/op#",
    "void" : "http://rdfs.org/ns/void#",
    "dtr" : "http://registry.it.csiro.au/ont/dtr#",
    "npg" : "http://ns.nature.com/terms/",
    "odrs" : "http://schema.theodi.org/odrs#",
    "org" : "http://www.w3.org/ns/org#",
    "skosxl" : "http://www.w3.org/2008/05/skos-xl#",
    "version" : "http://purl.org/linked-data/version#",
    "rr-cat" : "http://registry.it.csiro.au/structure/category/",
    "rr-org" : "http://registry.it.csiro.au/structure/org/",
    "rdf" : "http://www.w3.org/1999/02/22-rdf-syntax-ns#",
    "ldp" : "http://www.w3.org/ns/ldp#",
    "bibo" : "http://purl.org/ontology/bibo/",
    "rr-ui" : "http://registry.it.csiro.au/structure/ui/",
    "time" : "http://www.w3.org/2006/time#",
    "vs" : "http://www.w3.org/2003/06/sw-vocab-status/ns#",
    "dc" : "http://purl.org/dc/elements/1.1/"
  }
}