{
	"Abampere": [["abA"], "http://registry.it.csiro.au/def/qudt/1.1/qudt-unit/Abampere"],
	"Abampere per Square Centimeter": [["abA / cm^2"], "http://registry.it.csiro.au/def/qudt/1.1/qudt-unit/AbamperePerSquareCentimeter"],
	"Abcoulomb": [["abC"], "http://registry.it.csiro.au/def/qudt/1.1/qudt-unit/Abcoulomb"],
	"Abcoulomb per Square Centimeter": [["abC/cm^2"], "http://registry.it.csiro.au/def/qudt/1.1/qudt-unit/AbcoulombPerSquareCentimeter"],
	"Abfarad": [["abF"], "http://registry.it.csiro.au/def/qudt/1.1/qudt-unit/Abfarad"],
	"Abfarad per Centimeter": [["abF/cm"], "http://registry.it.csiro.au/def/qudt/1.1/qudt-unit/AbfaradPerCentimeter"],
	"Abhenry": [["abH"], "http://registry.it.csiro.au/def/qudt/1.1/qudt-unit/Abhenry"],
	"Abohm": [["abOhm"], "http://registry.it.csiro.au/def/qudt/1.1/qudt-unit/Abohm"],
	"Absiemen": [["aS"], "http://registry.it.csiro.au/def/qudt/1.1/qudt-unit/Absiemen"],
	"Abtesla": [["abT"], "http://registry.it.csiro.au/def/qudt/1.1/qudt-unit/Abtesla"],
	"Abvolt": [["abV"], "http://registry.it.csiro.au/def/qudt/1.1/qudt-unit/Abvolt"],
	"Abvolt Centimeter": [["abV cm"], "http://registry.it.csiro.au/def/qudt/1.1/qudt-unit/AbvoltCentimeter"],
	"Abvolt per centimeter": [["abV/cm"], "http://registry.it.csiro.au/def/qudt/1.1/qudt-unit/AbvoltPerCentimeter"],
	"Abvolt Second": [["abV-s"], "http://registry.it.csiro.au/def/qudt/1.1/qudt-unit/AbvoltSecond"],
	"Acre": [["ac"], "http://registry.it.csiro.au/def/qudt/1.1/qudt-unit/Acre"],
	"Acre Foot": [["ac-ft"], "http://registry.it.csiro.au/def/qudt/1.1/qudt-unit/AcreFoot"],
	"Afghani": [["AFN"], "http://registry.it.csiro.au/def/qudt/1.1/qudt-unit/Afghani"],
	"Algerian Dinar": [["DZD"], "http://registry.it.csiro.au/def/qudt/1.1/qudt-unit/AlgerianDinar"],
	"Ampere": [["A"], "http://registry.it.csiro.au/def/qudt/1.1/qudt-unit/Ampere"],
	"Ampere Hour": [["A-hr"], "http://registry.it.csiro.au/def/qudt/1.1/qudt-unit/AmpereHour"],
	"Ampere per Degree": [["A/deg"], "http://registry.it.csiro.au/def/qudt/1.1/qudt-unit/AmperePerDegree"],
	"Ampere per Joule": [["A/J", "A J^-1"], "http://registry.it.csiro.au/def/qudt/1.1/qudt-unit/AmperePerJoule"],
	"Ampere per Meter": [["A/m"], "http://registry.it.csiro.au/def/qudt/1.1/qudt-unit/AmperePerMeter"],
	"Ampere per Radian": [["A/rad"], "http://registry.it.csiro.au/def/qudt/1.1/qudt-unit/AmperePerRadian"],
	"Ampere per Square Meter": [["A/m^2"], "http://registry.it.csiro.au/def/qudt/1.1/qudt-unit/AmperePerSquareMeter"],
	"Ampere Turn": [["At"], "http://registry.it.csiro.au/def/qudt/1.1/qudt-unit/AmpereTurn"],
	"Ampere Turn per Inch": [["At/in"], "http://registry.it.csiro.au/def/qudt/1.1/qudt-unit/AmpereTurnPerInch"],
	"Ampere Turn per Meter": [["At/m"], "http://registry.it.csiro.au/def/qudt/1.1/qudt-unit/AmpereTurnPerMeter"],
	"Angstrom": [["Å"], "http://registry.it.csiro.au/def/qudt/1.1/qudt-unit/Angstrom"],
	"Arc Minute": [["arcMin"], "http://registry.it.csiro.au/def/qudt/1.1/qudt-unit/ArcMinute"],
	"Arc Second": [["arcSec"], "http://registry.it.csiro.au/def/qudt/1.1/qudt-unit/ArcSecond"],
	"Are": [["a"], "http://registry.it.csiro.au/def/qudt/1.1/qudt-unit/Are"],
	"Argentine Peso": [["ARS"], "http://registry.it.csiro.au/def/qudt/1.1/qudt-unit/ArgentinePeso"],
	"Armenian Dram": [["AMD"], "http://registry.it.csiro.au/def/qudt/1.1/qudt-unit/ArmenianDram"],
	"Aruban Guilder": [["AWG"], "http://registry.it.csiro.au/def/qudt/1.1/qudt-unit/ArubanGuilder"],
	"Astronomical Unit": [["au"], "http://registry.it.csiro.au/def/qudt/1.1/qudt-unit/AstronomicalUnit"],
	"Standard Atmosphere": [["atm"], "http://registry.it.csiro.au/def/qudt/1.1/qudt-unit/AtmosphereStandard"],
	"Technical Atmosphere": [["at"], "http://registry.it.csiro.au/def/qudt/1.1/qudt-unit/AtmosphereTechnical"],
	"Atomic mass unit": [["u"], "http://registry.it.csiro.au/def/qudt/1.1/qudt-unit/Dalton2"],
	"Atomic Number": [["Z"], "http://registry.it.csiro.au/def/qudt/1.1/qudt-unit/AtomicNumber"],
	"Atto": [["a"], "http://registry.it.csiro.au/def/qudt/1.1/qudt-unit/Atto"],
	"Australian Dollar": [["AUD"], "http://registry.it.csiro.au/def/qudt/1.1/qudt-unit/AustralianDollar"],
	"Azerbaijanian Manat": [["AZN"], "http://registry.it.csiro.au/def/qudt/1.1/qudt-unit/AzerbaijanianManat"],
	"Bahamian Dollar": [["BSD"], "http://registry.it.csiro.au/def/qudt/1.1/qudt-unit/BahamianDollar"],
	"Bahraini Dinar": [["BHD"], "http://registry.it.csiro.au/def/qudt/1.1/qudt-unit/BahrainiDinar"],
	"Baht": [["THB"], "http://registry.it.csiro.au/def/qudt/1.1/qudt-unit/Baht"],
	"Balboa": [["PAB"], "http://registry.it.csiro.au/def/qudt/1.1/qudt-unit/Balboa"],
	"Ban": [["ban"], "http://registry.it.csiro.au/def/qudt/1.1/qudt-unit/Ban"],
	"Bangladeshi Taka": [["BDT"], "http://registry.it.csiro.au/def/qudt/1.1/qudt-unit/BangladeshiTaka"],
	"Bar": [["bar"], "http://registry.it.csiro.au/def/qudt/1.1/qudt-unit/Bar"],
	"Barbados Dollar": [["BBD"], "http://registry.it.csiro.au/def/qudt/1.1/qudt-unit/BarbadosDollar"],
	"Barn": [["b"], "http://registry.it.csiro.au/def/qudt/1.1/qudt-unit/Barn"],
	"Barrel": [["bbl"], "http://registry.it.csiro.au/def/qudt/1.1/qudt-unit/Barrel"],
	"Becquerel": [["Bq"], "http://registry.it.csiro.au/def/qudt/1.1/qudt-unit/Becquerel"],
	"Belarussian Ruble": [["BYR"], "http://registry.it.csiro.au/def/qudt/1.1/qudt-unit/BelarussianRuble"],
	"Belize Dollar": [["BZD"], "http://registry.it.csiro.au/def/qudt/1.1/qudt-unit/BelizeDollar"],
	"Bermuda Dollar": [["BMD"], "http://registry.it.csiro.au/def/qudt/1.1/qudt-unit/BermudaDollar"],
	"Biot": [["Bi"], "http://registry.it.csiro.au/def/qudt/1.1/qudt-unit/Biot"],
	"Bit": [["b"], "http://registry.it.csiro.au/def/qudt/1.1/qudt-unit/Bit"],
	"Bits per Second": [["bps"], "http://registry.it.csiro.au/def/qudt/1.1/qudt-unit/BitsPerSecond"],
	"Board Foot": [["Bf"], "http://registry.it.csiro.au/def/qudt/1.1/qudt-unit/BoardFoot"],
	"Bolivian Mvdol (Funds code)": [["BOV"], "http://registry.it.csiro.au/def/qudt/1.1/qudt-unit/BolivianMvdol"],
	"Boliviano": [["BOB"], "http://registry.it.csiro.au/def/qudt/1.1/qudt-unit/Boliviano"],
	"Brazilian Real": [["BRL"], "http://registry.it.csiro.au/def/qudt/1.1/qudt-unit/BrazilianReal"],
	"Breath": [["No symbol"], "http://registry.it.csiro.au/def/qudt/1.1/qudt-unit/Breath"],
	"Breath per Minute": [["breaths/min"], "http://registry.it.csiro.au/def/qudt/1.1/qudt-unit/BreathPerMinute"],
	"British Thermal Unit - International Steam Table": [["BtuIT", "Btu"], "http://registry.it.csiro.au/def/qudt/1.1/qudt-unit/BritishThermalUnitInternationalTable"],
	"British Thermal Unit - Thermochemical Calorie": [["BtuTC", "Btu"], "http://registry.it.csiro.au/def/qudt/1.1/qudt-unit/BritishThermalUnitThermochemical"],
	"Brunei Dollar": [["BND"], "http://registry.it.csiro.au/def/qudt/1.1/qudt-unit/BruneiDollar"],
	"BTU Foot": [["Btu-ft"], "http://registry.it.csiro.au/def/qudt/1.1/qudt-unit/BtuFoot"],
	"BTU Foot per Square Foot Hour Degree Fahrenheit": [["Btu-ft/(hr-ft^2-degF)"], "http://registry.it.csiro.au/def/qudt/1.1/qudt-unit/BtuFootPerSquareFootHourDegreeFahrenheit"],
	"BTU Inch": [["Btu-in"], "http://registry.it.csiro.au/def/qudt/1.1/qudt-unit/BtuInch"],
	"BTU Inch per Square Foot Hour Degree Fahrenheit": [["Btu-in/(hr-ft^2-degF)"], "http://registry.it.csiro.au/def/qudt/1.1/qudt-unit/BtuInchPerSquareFootHourDegreeFahrenheit"],
	"BTU Inch per Square Foot Second Degree Fahrenheit": [["Btu-in/(ft^2-s-degF)"], "http://registry.it.csiro.au/def/qudt/1.1/qudt-unit/BtuInchPerSquareFootSecondDegreeFahrenheit"],
	"BTU per Degree Fahrenheit": [["Btu/degF"], "http://registry.it.csiro.au/def/qudt/1.1/qudt-unit/BtuPerDegreeFahrenheit"],
	"BTU per Degree Rankine": [["Btu/degR"], "http://registry.it.csiro.au/def/qudt/1.1/qudt-unit/BtuPerDegreeRankine"],
	"BTU per Hour": [["Btu/hr"], "http://registry.it.csiro.au/def/qudt/1.1/qudt-unit/BtuPerHour"],
	"BTU per Hour Square Foot": [["Btu/(hr-ft^2)"], "http://registry.it.csiro.au/def/qudt/1.1/qudt-unit/BtuPerHourSquareFoot"],
	"BTU per Pound": [["Btu/lb"], "http://registry.it.csiro.au/def/qudt/1.1/qudt-unit/BtuPerPound"],
	"BTU per Pound Degree Fahrenheit": [["Btu/(lb-degF)"], "http://registry.it.csiro.au/def/qudt/1.1/qudt-unit/BtuPerPoundDegreeFahrenheit"],
	"BTU per Pound Degree Rankine": [["Btu/(lb-degR)"], "http://registry.it.csiro.au/def/qudt/1.1/qudt-unit/BtuPerPoundDegreeRankine"],
	"BTU per Pound Mole": [["Btu/(lb-mol)"], "http://registry.it.csiro.au/def/qudt/1.1/qudt-unit/BtuPerPoundMole"],
	"BTU per Pound Mole Degree Fahrenheit": [["Btu/(lb-mol-degF)"], "http://registry.it.csiro.au/def/qudt/1.1/qudt-unit/BtuPerPoundMoleDegreeFahrenheit"],
	"BTU per Second": [["Btu/s"], "http://registry.it.csiro.au/def/qudt/1.1/qudt-unit/BtuPerSecond"],
	"BTU per Second Square Foot": [["Btu/(s-ft^2)"], "http://registry.it.csiro.au/def/qudt/1.1/qudt-unit/BtuPerSecondSquareFoot"],
	"BTU per Square Foot": [["Btu/ft^2"], "http://registry.it.csiro.au/def/qudt/1.1/qudt-unit/BtuPerSquareFoot"],
	"BTU per Square Foot Hour Degree Fahrenheit": [["Btu/(hr-ft^2-degF)"], "http://registry.it.csiro.au/def/qudt/1.1/qudt-unit/BtuPerSquareFootHourDegreeFahrenheit"],
	"BTU per Square Foot Second Degree Fahrenheit": [["Btu/(ft^2-s-degF)"], "http://registry.it.csiro.au/def/qudt/1.1/qudt-unit/BtuPerSquareFootSecondDegreeFahrenheit"],
	"Bulgarian Lev": [["BGN"], "http://registry.it.csiro.au/def/qudt/1.1/qudt-unit/BulgarianLev"],
	"Burundian Franc": [["BIF"], "http://registry.it.csiro.au/def/qudt/1.1/qudt-unit/BurundianFranc"],
	"Bushel": [["bu"], "http://registry.it.csiro.au/def/qudt/1.1/qudt-unit/Bushel"],
	"Byte": [["B"], "http://registry.it.csiro.au/def/qudt/1.1/qudt-unit/Byte"],
	"CFA Franc BCEAO": [["XOF"], "http://registry.it.csiro.au/def/qudt/1.1/qudt-unit/CFAFrancBCEAO"],
	"CFA Franc BEAC": [["XAF"], "http://registry.it.csiro.au/def/qudt/1.1/qudt-unit/CFAFrancBEAC"],
	"CFP franc": [["XPF"], "http://registry.it.csiro.au/def/qudt/1.1/qudt-unit/CFPFranc"],
	"Nutritional Calorie": [["Cal"], "http://registry.it.csiro.au/def/qudt/1.1/qudt-unit/CalorieNutritional"],
	"Thermochemical Calorie": [["cal"], "http://registry.it.csiro.au/def/qudt/1.1/qudt-unit/CalorieThermochemical"],
	"Canadian Dollar": [["CAD"], "http://registry.it.csiro.au/def/qudt/1.1/qudt-unit/CanadianDollar"],
	"Candela": [["cd"], "http://registry.it.csiro.au/def/qudt/1.1/qudt-unit/Candela"],
	"Candela per Square Inch": [["cd/in^2"], "http://registry.it.csiro.au/def/qudt/1.1/qudt-unit/CandelaPerSquareInch"],
	"Candela per Square Meter": [["cd/m^2"], "http://registry.it.csiro.au/def/qudt/1.1/qudt-unit/CandelaPerSquareMeter"],
	"Candle": [["cd"], "http://registry.it.csiro.au/def/qudt/1.1/qudt-unit/Candle"],
	"Candlepower": [["cd"], "http://registry.it.csiro.au/def/qudt/1.1/qudt-unit/Candlepower"],
	"Cape Verde Escudo": [["CVE"], "http://registry.it.csiro.au/def/qudt/1.1/qudt-unit/CapeVerdeEscudo"],
	"Carat": [["Nm/ct"], "http://registry.it.csiro.au/def/qudt/1.1/qudt-unit/Carat"],
	"Cayman Islands Dollar": [["KYD"], "http://registry.it.csiro.au/def/qudt/1.1/qudt-unit/CaymanIslandsDollar"],
	"Cedi": [["GHS"], "http://registry.it.csiro.au/def/qudt/1.1/qudt-unit/Cedi"],
	"Centi": [["c"], "http://registry.it.csiro.au/def/qudt/1.1/qudt-unit/Centi"],
	"Centimeter": [["cm"], "http://registry.it.csiro.au/def/qudt/1.1/qudt-unit/Centimeter"],
	"Centimeter of Water": [["cmH2O"], "http://registry.it.csiro.au/def/qudt/1.1/qudt-unit/CentimeterOfWater"],
	"Centimeter per Second": [["cm/s"], "http://registry.it.csiro.au/def/qudt/1.1/qudt-unit/CentimeterPerSecond"],
	"Centimeter per Second Squared": [["cm/s^2"], "http://registry.it.csiro.au/def/qudt/1.1/qudt-unit/CentimeterPerSecondSquared"],
	"Centimeter Second Degree Celsius": [["cm-s-degC"], "http://registry.it.csiro.au/def/qudt/1.1/qudt-unit/CentimeterSecondDegreeCelsius"],
	"Centipoise": [["cP"], "http://registry.it.csiro.au/def/qudt/1.1/qudt-unit/Centipoise"],
	"Centistokes": [["cSt"], "http://registry.it.csiro.au/def/qudt/1.1/qudt-unit/Centistokes"],
	"Chain": [["ch"], "http://registry.it.csiro.au/def/qudt/1.1/qudt-unit/Chain"],
	"Chilean Peso": [["CLP"], "http://registry.it.csiro.au/def/qudt/1.1/qudt-unit/ChileanPeso"],
	"Circular Mil": [["cmil"], "http://registry.it.csiro.au/def/qudt/1.1/qudt-unit/CircularMil"],
	"Clo": [["clo"], "http://registry.it.csiro.au/def/qudt/1.1/qudt-unit/Clo"],
	"Colombian Peso": [["COP"], "http://registry.it.csiro.au/def/qudt/1.1/qudt-unit/ColombianPeso"],
	"Colony Forming Unit": [["CFU"], "http://registry.it.csiro.au/def/qudt/1.1/qudt-unit/ColonyFormingUnit"],
	"Comoro Franc": [["KMF"], "http://registry.it.csiro.au/def/qudt/1.1/qudt-unit/ComoroFranc"],
	"Convertible Marks": [["BAM"], "http://registry.it.csiro.au/def/qudt/1.1/qudt-unit/ConvertibleMark"],
	"Cord": [["C"], "http://registry.it.csiro.au/def/qudt/1.1/qudt-unit/Cord"],
	"Cordoba Oro": [["NIO"], "http://registry.it.csiro.au/def/qudt/1.1/qudt-unit/CordobaOro"],
	"Costa Rican Colon": [["CRC"], "http://registry.it.csiro.au/def/qudt/1.1/qudt-unit/CostaRicanColon"],
	"Coulomb": [["C"], "http://registry.it.csiro.au/def/qudt/1.1/qudt-unit/Coulomb"],
	"Coulomb Meter": [["C m"], "http://registry.it.csiro.au/def/qudt/1.1/qudt-unit/CoulombMeter"],
	"Coulomb per Cubic Meter": [["C/m^3", "C m^-3"], "http://registry.it.csiro.au/def/qudt/1.1/qudt-unit/CoulombPerCubicMeter"],
	"Coulomb per Kilogram": [["C/kg", "C kg^-1"], "http://registry.it.csiro.au/def/qudt/1.1/qudt-unit/CoulombPerKilogram"],
	"Coulomb per Meter": [["C/m"], "http://registry.it.csiro.au/def/qudt/1.1/qudt-unit/CoulombPerMeter"],
	"Coulomb per Mole": [["C mol^-1"], "http://registry.it.csiro.au/def/qudt/1.1/qudt-unit/CoulombPerMole"],
	"Coulomb per Square Meter": [["C/m^2", "C m^-2"], "http://registry.it.csiro.au/def/qudt/1.1/qudt-unit/CoulombPerSquareMeter"],
	"Coulomb Square Meter": [["C m^2"], "http://registry.it.csiro.au/def/qudt/1.1/qudt-unit/CoulombSquareMeter"],
	"Croatian Kuna": [["HRK"], "http://registry.it.csiro.au/def/qudt/1.1/qudt-unit/CroatianKuna"],
	"Cuban Peso": [["CUP"], "http://registry.it.csiro.au/def/qudt/1.1/qudt-unit/CubanPeso"],
	"Cubic Centimeter": [["cm^3"], "http://registry.it.csiro.au/def/qudt/1.1/qudt-unit/CubicCentimeter"],
	"Cubic Coulomb Meter per Square Joule": [["C^3 m^3 J^-2"], "http://registry.it.csiro.au/def/qudt/1.1/qudt-unit/CubicCoulombMeterPerSquareJoule"],
	"Cubic Foot": [["ft^3"], "http://registry.it.csiro.au/def/qudt/1.1/qudt-unit/CubicFoot"],
	"Cubic Foot per Minute": [["ft^3/min"], "http://registry.it.csiro.au/def/qudt/1.1/qudt-unit/CubicFootPerMinute"],
	"Cubic Foot per Second": [["ft^3/s"], "http://registry.it.csiro.au/def/qudt/1.1/qudt-unit/CubicFootPerSecond"],
	"Cubic Inch": [["in^3"], "http://registry.it.csiro.au/def/qudt/1.1/qudt-unit/CubicInch"],
	"Cubic Inch per Minute": [["in^3/min"], "http://registry.it.csiro.au/def/qudt/1.1/qudt-unit/CubicInchPerMinute"],
	"Cubic Kilometer per Second Squared": [["km^3/s^2"], "http://registry.it.csiro.au/def/qudt/1.1/qudt-unit/CubicKilometerPerSecondSquared"],
	"Cubic Meter": [["m^3"], "http://registry.it.csiro.au/def/qudt/1.1/qudt-unit/CubicMeter"],
	"Cubic Meter per Hour": [["m^3/h"], "http://registry.it.csiro.au/def/qudt/1.1/qudt-unit/CubicMeterPerHour"],
	"Cubic Meter per Kelvin": [["m^3/K"], "http://registry.it.csiro.au/def/qudt/1.1/qudt-unit/CubicMeterPerKelvin"],
	"Cubic Meter per Kilogram": [["m^3/kg"], "http://registry.it.csiro.au/def/qudt/1.1/qudt-unit/CubicMeterPerKilogram"],
	"Cubic Meter per Kilogram Second Squared": [["m^3 kg^-1 s^-2"], "http://registry.it.csiro.au/def/qudt/1.1/qudt-unit/CubicMeterPerKilogramSecondSquared"],
	"Cubic Meter per Mole": [["m^3 mol^-1"], "http://registry.it.csiro.au/def/qudt/1.1/qudt-unit/CubicMeterPerMole"],
	"Cubic Meter per Second": [["m^3/s"], "http://registry.it.csiro.au/def/qudt/1.1/qudt-unit/CubicMeterPerSecond"],
	"Cubic Meter per Second Squared": [["m^3/s^2"], "http://registry.it.csiro.au/def/qudt/1.1/qudt-unit/CubicMeterPerSecondSquared"],
	"Cubic Mile": [["mi^3"], "http://registry.it.csiro.au/def/qudt/1.1/qudt-unit/CubicMile"],
	"Cubic Millimeter": [["mm^3", "m^3"], "http://registry.it.csiro.au/def/qudt/1.1/qudt-unit/CubicMillimeter"],
	"Cubic Yard": [["yd^3"], "http://registry.it.csiro.au/def/qudt/1.1/qudt-unit/CubicYard"],
	"Cubic Yard per Minute": [["yd^3/min"], "http://registry.it.csiro.au/def/qudt/1.1/qudt-unit/CubicYardPerMinute"],
	"Curie": [["Ci"], "http://registry.it.csiro.au/def/qudt/1.1/qudt-unit/Curie"],
	"Cyprus Pound": [["CYP"], "http://registry.it.csiro.au/def/qudt/1.1/qudt-unit/CyprusPound"],
	"Czech Koruna": [["CZK"], "http://registry.it.csiro.au/def/qudt/1.1/qudt-unit/CzechKoruna"],
	"Dalasi": [["GMD"], "http://registry.it.csiro.au/def/qudt/1.1/qudt-unit/Dalasi"],
	"Dalton": [["Da"], "http://registry.it.csiro.au/def/qudt/1.1/qudt-unit/Dalton"],
	"Danish Krone": [["DKK"], "http://registry.it.csiro.au/def/qudt/1.1/qudt-unit/DanishKrone"],
	"Day": [["d"], "http://registry.it.csiro.au/def/qudt/1.1/qudt-unit/Day"],
	"Day Sidereal": [["d"], "http://registry.it.csiro.au/def/qudt/1.1/qudt-unit/DaySidereal"],
	"Debye": [["D"], "http://registry.it.csiro.au/def/qudt/1.1/qudt-unit/Debye"],
	"Deca": [["da"], "http://registry.it.csiro.au/def/qudt/1.1/qudt-unit/Deca"],
	"Deci": [["d"], "http://registry.it.csiro.au/def/qudt/1.1/qudt-unit/Deci"],
	"Decibel": [["dB"], "http://registry.it.csiro.au/def/qudt/1.1/qudt-unit/Decibel"],
	"Decibel Carrier Unit": [["dBc"], "http://registry.it.csiro.au/def/qudt/1.1/qudt-unit/DecibelCarrier"],
	"Decibel Referred to 1mw": [["dBm"], "http://registry.it.csiro.au/def/qudt/1.1/qudt-unit/DecibelReferredToOneMilliwatt"],
	"Decimeter": [["decimeter"], "http://registry.it.csiro.au/def/qudt/1.1/qudt-unit/Decimeter"],
	"Degree Angle": [["deg", "°"], "http://registry.it.csiro.au/def/qudt/1.1/qudt-unit/DegreeAngle"],
	"Degree Celsius": [["degC", "°C"], "http://registry.it.csiro.au/def/qudt/1.1/qudt-unit/DegreeCelsius"],
	"Degree Celsius Centimeter": [["cm-degC"], "http://registry.it.csiro.au/def/qudt/1.1/qudt-unit/DegreeCelsiusCentimeter"],
	"Degree Celsius per Hour": [["degC / hr", "degCday", "DHD"], "http://registry.it.csiro.au/def/environment/unit/_DegreeCelsiusHeatingDay"],
	"Degree Celsius per Minute": [["degC / m"], "http://registry.it.csiro.au/def/qudt/1.1/qudt-unit/DegreeCelsiusPerMinute"],
	"Degree Celsius per Second": [["degC / s"], "http://registry.it.csiro.au/def/qudt/1.1/qudt-unit/DegreeCelsiusPerSecond"],
	"Degree Centigrade": [["DegC"], "http://registry.it.csiro.au/def/qudt/1.1/qudt-unit/DegreeCentigrade"],
	"Degree Fahrenheit": [["degF"], "http://registry.it.csiro.au/def/qudt/1.1/qudt-unit/DegreeFahrenheit"],
	"Degree Fahrenheit Hour": [["degF-hr"], "http://registry.it.csiro.au/def/qudt/1.1/qudt-unit/DegreeFahrenheitHour"],
	"Degree Fahrenheit Hour per BTU": [["degF-hr/Btu"], "http://registry.it.csiro.au/def/qudt/1.1/qudt-unit/DegreeFahrenheitHourPerBtu"],
	"Degree Fahrenheit per Hour": [["degF / h"], "http://registry.it.csiro.au/def/qudt/1.1/qudt-unit/DegreeFahrenheitPerHour"],
	"Degree Fahrenheit per Minute": [["degF / m"], "http://registry.it.csiro.au/def/qudt/1.1/qudt-unit/DegreeFahrenheitPerMinute"],
	"Degree Fahrenheit per Second": [["degF / s"], "http://registry.it.csiro.au/def/qudt/1.1/qudt-unit/DegreeFahrenheitPerSecond"],
	"Degree per Hour": [["deg/h"], "http://registry.it.csiro.au/def/qudt/1.1/qudt-unit/DegreePerHour"],
	"Degree per Minute": [["No symbol"], "http://registry.it.csiro.au/def/qudt/1.1/qudt-unit/DegreePerMinute"],
	"Degree per Second": [["deg/s"], "http://registry.it.csiro.au/def/qudt/1.1/qudt-unit/DegreePerSecond"],
	"Degree per Second Squared": [["deg/(s^2)"], "http://registry.it.csiro.au/def/qudt/1.1/qudt-unit/DegreePerSecondSquared"],
	"Degree Rankine": [["degR"], "http://registry.it.csiro.au/def/qudt/1.1/qudt-unit/DegreeRankine"],
	"Degree Rankine per Hour": [["degR / h"], "http://registry.it.csiro.au/def/qudt/1.1/qudt-unit/DegreeRankinePerHour"],
	"Degree Rankine per Minute": [["degR / m"], "http://registry.it.csiro.au/def/qudt/1.1/qudt-unit/DegreeRankinePerMinute"],
	"Degree Rankine per Second": [["degR / s"], "http://registry.it.csiro.au/def/qudt/1.1/qudt-unit/DegreeRankinePerSecond"],
	"Denar": [["MKD"], "http://registry.it.csiro.au/def/qudt/1.1/qudt-unit/Denar"],
	"Denier": [["No symbol"], "http://registry.it.csiro.au/def/qudt/1.1/qudt-unit/Denier"],
	"Diopter": [["D"], "http://registry.it.csiro.au/def/qudt/1.1/qudt-unit/Diopter"],
	"Djibouti Franc": [["DJF"], "http://registry.it.csiro.au/def/qudt/1.1/qudt-unit/DjiboutiFranc"],
	"Dobra": [["STD"], "http://registry.it.csiro.au/def/qudt/1.1/qudt-unit/Dobra"],
	"Dominican Peso": [["DOP"], "http://registry.it.csiro.au/def/qudt/1.1/qudt-unit/DominicanPeso"],
	"Dry Gallon US": [["dry_gal"], "http://registry.it.csiro.au/def/qudt/1.1/qudt-unit/DryGallonUS"],
	"US Dry Pint": [["dry_pt"], "http://registry.it.csiro.au/def/qudt/1.1/qudt-unit/DryPintUS"],
	"US Dry Quart": [["dry_qt"], "http://registry.it.csiro.au/def/qudt/1.1/qudt-unit/DryQuartUS"],
	"Dyne": [["dyn"], "http://registry.it.csiro.au/def/qudt/1.1/qudt-unit/Dyne"],
	"Dyne Centimeter": [["dyn-cm"], "http://registry.it.csiro.au/def/qudt/1.1/qudt-unit/DyneCentimeter"],
	"Dyne per Square Centimeter": [["dyn/cm^2"], "http://registry.it.csiro.au/def/qudt/1.1/qudt-unit/DynePerSquareCentimeter"],
	"East Caribbean Dollar": [["XCD"], "http://registry.it.csiro.au/def/qudt/1.1/qudt-unit/EastCaribbeanDollar"],
	"Egyptian Pound": [["EGP"], "http://registry.it.csiro.au/def/qudt/1.1/qudt-unit/EgyptianPound"],
	"Electron Volt": [["eV"], "http://registry.it.csiro.au/def/qudt/1.1/qudt-unit/ElectronVolt"],
	"Electron Volt per Kelvin": [["eV K^-1"], "http://registry.it.csiro.au/def/qudt/1.1/qudt-unit/ElectronVoltPerKelvin"],
	"Electron Volt per Tesla": [["eV T^-1"], "http://registry.it.csiro.au/def/qudt/1.1/qudt-unit/ElectronVoltPerTesla"],
	"Electron Volt Second": [["eV s"], "http://registry.it.csiro.au/def/qudt/1.1/qudt-unit/ElectronVoltSecond"],
	"Erg": [["erg"], "http://registry.it.csiro.au/def/qudt/1.1/qudt-unit/Erg"],
	"Erg per Cubic Centimeter": [["erg/cm^3"], "http://registry.it.csiro.au/def/qudt/1.1/qudt-unit/ErgPerCubicCentimeter"],
	"Erg per Gram": [["No symbol"], "http://registry.it.csiro.au/def/qudt/1.1/qudt-unit/ErgPerGram"],
	"Erg per Second": [["erg/s"], "http://registry.it.csiro.au/def/qudt/1.1/qudt-unit/ErgPerSecond"],
	"Erg per Square Centimeter Second": [["erg/(cm^2-s)"], "http://registry.it.csiro.au/def/qudt/1.1/qudt-unit/ErgPerSquareCentimeterSecond"],
	"Erg Second": [["erg s"], "http://registry.it.csiro.au/def/qudt/1.1/qudt-unit/ErgSecond"],
	"Ethiopian Birr": [["ETB"], "http://registry.it.csiro.au/def/qudt/1.1/qudt-unit/EthiopianBirr"],
	"Euro": [["EUR"], "http://registry.it.csiro.au/def/qudt/1.1/qudt-unit/Euro"],
	"European Composite Unit (EURCO) (Bonds market unit)": [["XBA"], "http://registry.it.csiro.au/def/qudt/1.1/qudt-unit/EuropeanCompositeUnit"],
	"European Monetary Unit (E.M.U.-6) (Bonds market unit)": [["XBB"], "http://registry.it.csiro.au/def/qudt/1.1/qudt-unit/EuropeanMonetaryUnit"],
	"European Unit of Account 17 (E.U.A.-17) (Bonds market unit)": [["XBD"], "http://registry.it.csiro.au/def/qudt/1.1/qudt-unit/EuropeanUnitOfAccount17"],
	"European Unit of Account 9 (E.U.A.-9) (Bonds market unit)": [["XBC"], "http://registry.it.csiro.au/def/qudt/1.1/qudt-unit/EuropeanUnitOfAccount9"],
	"Exa": [["E"], "http://registry.it.csiro.au/def/qudt/1.1/qudt-unit/Exa"],
	"Exbi": [["Ei"], "http://registry.it.csiro.au/def/qudt/1.1/qudt-unit/Exbi"],
	"Falkland Islands Pound": [["FKP"], "http://registry.it.csiro.au/def/qudt/1.1/qudt-unit/FalklandIslandsPound"],
	"Farad": [["F"], "http://registry.it.csiro.au/def/qudt/1.1/qudt-unit/Farad"],
	"Farad per Meter": [["F/m", "F m^-1"], "http://registry.it.csiro.au/def/qudt/1.1/qudt-unit/FaradPerMeter"],
	"Faraday": [["F"], "http://registry.it.csiro.au/def/qudt/1.1/qudt-unit/Faraday"],
	"Fathom": [["fath"], "http://registry.it.csiro.au/def/qudt/1.1/qudt-unit/Fathom"],
	"Femto": [["f"], "http://registry.it.csiro.au/def/qudt/1.1/qudt-unit/Femto"],
	"Femtometer": [["fm"], "http://registry.it.csiro.au/def/qudt/1.1/qudt-unit/Femtometer"],
	"Fermi": [["fm"], "http://registry.it.csiro.au/def/qudt/1.1/qudt-unit/Fermi"],
	"Fiji Dollar": [["FJD"], "http://registry.it.csiro.au/def/qudt/1.1/qudt-unit/FijiDollar"],
	"Flight": [["flight"], "http://registry.it.csiro.au/def/qudt/1.1/qudt-unit/Flight"],
	"Foot": [["ft"], "http://registry.it.csiro.au/def/qudt/1.1/qudt-unit/Foot"],
	"Foot Candle": [["fc"], "http://registry.it.csiro.au/def/qudt/1.1/qudt-unit/FootCandle"],
	"Foot Lambert": [["ft-L"], "http://registry.it.csiro.au/def/qudt/1.1/qudt-unit/FootLambert"],
	"Foot of Water": [["ftH2O"], "http://registry.it.csiro.au/def/qudt/1.1/qudt-unit/FootOfWater"],
	"Foot per Hour": [["ft/hr"], "http://registry.it.csiro.au/def/qudt/1.1/qudt-unit/FootPerHour"],
	"Foot per Minute": [["ft/min"], "http://registry.it.csiro.au/def/qudt/1.1/qudt-unit/FootPerMinute"],
	"Foot per Second": [["ft/s"], "http://registry.it.csiro.au/def/qudt/1.1/qudt-unit/FootPerSecond"],
	"Foot per Second Squared": [["ft/s^2"], "http://registry.it.csiro.au/def/qudt/1.1/qudt-unit/FootPerSecondSquared"],
	"Foot Pound Force": [["ft-lbf"], "http://registry.it.csiro.au/def/qudt/1.1/qudt-unit/FootPoundForce"],
	"Foot Pound Force per Hour": [["ft-lbf/hr"], "http://registry.it.csiro.au/def/qudt/1.1/qudt-unit/FootPoundForcePerHour"],
	"Foot Pound Force per Minute": [["ft-lbf/min"], "http://registry.it.csiro.au/def/qudt/1.1/qudt-unit/FootPoundForcePerMinute"],
	"Foot Pound Force per Second": [["ft-lbf/s"], "http://registry.it.csiro.au/def/qudt/1.1/qudt-unit/FootPoundForcePerSecond"],
	"Foot Pound per Square Foot": [["ft-lbf/ft^2"], "http://registry.it.csiro.au/def/qudt/1.1/qudt-unit/FootPoundForcePerSquareFoot"],
	"Foot Pound Force per Square Foot Second": [["ft-lbf(ft^2-s)"], "http://registry.it.csiro.au/def/qudt/1.1/qudt-unit/FootPoundForcePerSquareFootSecond"],
	"Foot Pound Force per Square Meter": [["ft-lbf/m^2"], "http://registry.it.csiro.au/def/qudt/1.1/qudt-unit/FootPoundForcePerSquareMeter"],
	"Foot Pound Force Second": [["lbf / s"], "http://registry.it.csiro.au/def/qudt/1.1/qudt-unit/FootPoundForceSecond"],
	"Foot Poundal": [["ft-pdl"], "http://registry.it.csiro.au/def/qudt/1.1/qudt-unit/FootPoundal"],
	"US Survey Foot": [["ftUS", "ft"], "http://registry.it.csiro.au/def/qudt/1.1/qudt-unit/FootUSSurvey"],
	"Forint": [["HUF"], "http://registry.it.csiro.au/def/qudt/1.1/qudt-unit/Forint"],
	"Fractional area": [["fa"], "http://registry.it.csiro.au/def/qudt/1.1/qudt-unit/FractionalArea"],
	"Frame per Second": [["fps"], "http://registry.it.csiro.au/def/qudt/1.1/qudt-unit/FramePerSecond"],
	"Franc Congolais": [["CDF"], "http://registry.it.csiro.au/def/qudt/1.1/qudt-unit/FrancCongolais"],
	"Franklin": [["Fr"], "http://registry.it.csiro.au/def/qudt/1.1/qudt-unit/Franklin"],
	"Furlong": [["fur"], "http://registry.it.csiro.au/def/qudt/1.1/qudt-unit/Furlong"],
	"Gal": [["Gal"], "http://registry.it.csiro.au/def/qudt/1.1/qudt-unit/Gal"],
	"Imperial Gallon": [["galIMP", "gal"], "http://registry.it.csiro.au/def/qudt/1.1/qudt-unit/GallonImperial"],
	"US Gallon": [["galUS", "gal"], "http://registry.it.csiro.au/def/qudt/1.1/qudt-unit/GallonUS"],
	"US Gallon per Day": [["gal/d"], "http://registry.it.csiro.au/def/qudt/1.1/qudt-unit/GallonUSPerDay"],
	"US Gallon per Minute": [["gal/min"], "http://registry.it.csiro.au/def/qudt/1.1/qudt-unit/GallonUSPerMinute"],
	"Gamma": [["gamma"], "http://registry.it.csiro.au/def/qudt/1.1/qudt-unit/Gamma"],
	"Gauss": [["G"], "http://registry.it.csiro.au/def/qudt/1.1/qudt-unit/Gauss"],
	"Gibi": [["Gi"], "http://registry.it.csiro.au/def/qudt/1.1/qudt-unit/Gibi"],
	"Gibraltar pound": [["GIP"], "http://registry.it.csiro.au/def/qudt/1.1/qudt-unit/GibraltarPound"],
	"Giga": [["G"], "http://registry.it.csiro.au/def/qudt/1.1/qudt-unit/Giga"],
	"Giga Electron Volt": [["GeV"], "http://registry.it.csiro.au/def/qudt/1.1/qudt-unit/GigaElectronVolt"],
	"Gigahertz": [["GHz"], "http://registry.it.csiro.au/def/qudt/1.1/qudt-unit/GigaHertz"],
	"Gilbert": [["Gi"], "http://registry.it.csiro.au/def/qudt/1.1/qudt-unit/Gilbert"],
	"Gold (one Troy ounce)": [["XAU"], "http://registry.it.csiro.au/def/qudt/1.1/qudt-unit/Gold-OunceTroy"],
	"Gold franc (special settlement currency)": [["XFO"], "http://registry.it.csiro.au/def/qudt/1.1/qudt-unit/GoldFranc"],
	"Gon": [["gon"], "http://registry.it.csiro.au/def/qudt/1.1/qudt-unit/Gon"],
	"Grad": [["grad"], "http://registry.it.csiro.au/def/qudt/1.1/qudt-unit/Grad"],
	"Grade": [["gr"], "http://registry.it.csiro.au/def/qudt/1.1/qudt-unit/Grade"],
	"Grain": [["gr"], "http://registry.it.csiro.au/def/qudt/1.1/qudt-unit/Grain"],
	"Grain per Gallon": [["gr/gal"], "http://registry.it.csiro.au/def/qudt/1.1/qudt-unit/GrainPerGallon"],
	"Gram": [["g"], "http://registry.it.csiro.au/def/qudt/1.1/qudt-unit/Gram"],
	"Gram Degree Celsius": [["g-degC"], "http://registry.it.csiro.au/def/qudt/1.1/qudt-unit/GramDegreeCelsius"],
	"Gravity": [["G"], "http://registry.it.csiro.au/def/qudt/1.1/qudt-unit/Gravity"],
	"Gray": [["Gy"], "http://registry.it.csiro.au/def/qudt/1.1/qudt-unit/Gray"],
	"Gray per Second": [["Gy/s"], "http://registry.it.csiro.au/def/qudt/1.1/qudt-unit/GrayPerSecond"],
	"Guarani": [["PYG"], "http://registry.it.csiro.au/def/qudt/1.1/qudt-unit/Guarani"],
	"Guinea Franc": [["GNF"], "http://registry.it.csiro.au/def/qudt/1.1/qudt-unit/GuineaFranc"],
	"Guyana Dollar": [["GYD"], "http://registry.it.csiro.au/def/qudt/1.1/qudt-unit/GuyanaDollar"],
	"Haiti Gourde": [["HTG"], "http://registry.it.csiro.au/def/qudt/1.1/qudt-unit/HaitiGourde"],
	"Hartree": [["E_h"], "http://registry.it.csiro.au/def/qudt/1.1/qudt-unit/Hartree"],
	"Heart Beat": [["No symbol"], "http://registry.it.csiro.au/def/qudt/1.1/qudt-unit/HeartBeat"],
	"Heart Beat per Minute": [["BPM"], "http://registry.it.csiro.au/def/qudt/1.1/qudt-unit/HeartBeatsPerMinute"],
	"Hectare": [["ha"], "http://registry.it.csiro.au/def/qudt/1.1/qudt-unit/Hectare"],
	"Hecto": [["h"], "http://registry.it.csiro.au/def/qudt/1.1/qudt-unit/Hecto"],
	"Henry": [["H"], "http://registry.it.csiro.au/def/qudt/1.1/qudt-unit/Henry"],
	"Henry per Meter": [["H/m"], "http://registry.it.csiro.au/def/qudt/1.1/qudt-unit/HenryPerMeter"],
	"Hertz": [["Hz"], "http://registry.it.csiro.au/def/qudt/1.1/qudt-unit/Hertz"],
	"Hertz per Kelvin": [["Hz K^-1"], "http://registry.it.csiro.au/def/qudt/1.1/qudt-unit/HertzPerKelvin"],
	"Hertz per Tesla": [["Hz T^-1"], "http://registry.it.csiro.au/def/qudt/1.1/qudt-unit/HertzPerTesla"],
	"Hertz per Volt": [["Hz V^-1"], "http://registry.it.csiro.au/def/qudt/1.1/qudt-unit/HertzPerVolt"],
	"Hong Kong Dollar": [["HKD"], "http://registry.it.csiro.au/def/qudt/1.1/qudt-unit/HongKongDollar"],
	"Horsepower": [["HP"], "http://registry.it.csiro.au/def/qudt/1.1/qudt-unit/Horsepower"],
	"Horsepower Boiler": [["hp/boiler"], "http://registry.it.csiro.au/def/qudt/1.1/qudt-unit/HorsepowerBoiler"],
	"Horsepower Electric": [["hp/V"], "http://registry.it.csiro.au/def/qudt/1.1/qudt-unit/HorsepowerElectric"],
	"Horsepower Metric": [["hp/m"], "http://registry.it.csiro.au/def/qudt/1.1/qudt-unit/HorsepowerMetric"],
	"Horsepower Water": [["hp/H2O"], "http://registry.it.csiro.au/def/qudt/1.1/qudt-unit/HorsepowerWater"],
	"Hour": [["hr"], "http://registry.it.csiro.au/def/qudt/1.1/qudt-unit/Hour"],
	"Hour Sidereal": [["hr"], "http://registry.it.csiro.au/def/qudt/1.1/qudt-unit/HourSidereal"],
	"Hour Square Foot": [["hr-ft^2"], "http://registry.it.csiro.au/def/qudt/1.1/qudt-unit/HourSquareFoot"],
	"Hryvnia": [["UAH"], "http://registry.it.csiro.au/def/qudt/1.1/qudt-unit/Hryvnia"],
	"Hundred Weight - Long": [["cwt"], "http://registry.it.csiro.au/def/qudt/1.1/qudt-unit/HundredWeightLong"],
	"Hundred Weight - Short": [["cwt"], "http://registry.it.csiro.au/def/qudt/1.1/qudt-unit/HundredWeightShort"],
	"Iceland Krona": [["ISK"], "http://registry.it.csiro.au/def/qudt/1.1/qudt-unit/IcelandKrona"],
	"Inch": [["in"], "http://registry.it.csiro.au/def/qudt/1.1/qudt-unit/Inch"],
	"Inch of Mercury": [["inHg"], "http://registry.it.csiro.au/def/qudt/1.1/qudt-unit/InchOfMercury"],
	"Inch of Water": [["inAq"], "http://registry.it.csiro.au/def/qudt/1.1/qudt-unit/InchOfWater"],
	"Inch per Second": [["No symbol"], "http://registry.it.csiro.au/def/qudt/1.1/qudt-unit/InchPerSecond"],
	"Inch per Second Squared": [["in/s^2"], "http://registry.it.csiro.au/def/qudt/1.1/qudt-unit/InchPerSecondSquared"],
	"Inch Pound Force": [["in-lbf"], "http://registry.it.csiro.au/def/qudt/1.1/qudt-unit/InchPoundForce"],
	"Indian Rupee": [["INR"], "http://registry.it.csiro.au/def/qudt/1.1/qudt-unit/IndianRupee"],
	"International Unit": [["IU"], "http://registry.it.csiro.au/def/qudt/1.1/qudt-unit/InternationalUnit"],
	"International Unit per Liter": [["IU/L"], "http://registry.it.csiro.au/def/qudt/1.1/qudt-unit/InternationalUnitPerLiter"],
	"Iranian Rial": [["IRR"], "http://registry.it.csiro.au/def/qudt/1.1/qudt-unit/IranianRial"],
	"Iraqi Dinar": [["IQD"], "http://registry.it.csiro.au/def/qudt/1.1/qudt-unit/IraqiDinar"],
	"Jamaican Dollar": [["JMD"], "http://registry.it.csiro.au/def/qudt/1.1/qudt-unit/JamaicanDollar"],
	"Japanese yen": [["JPY"], "http://registry.it.csiro.au/def/qudt/1.1/qudt-unit/JapaneseYen"],
	"Jordanian Dinar": [["JOD"], "http://registry.it.csiro.au/def/qudt/1.1/qudt-unit/JordanianDinar"],
	"Joule": [["J"], "http://registry.it.csiro.au/def/qudt/1.1/qudt-unit/Joule"],
	"Joule Meter per Mole": [["J m mol^-1"], "http://registry.it.csiro.au/def/qudt/1.1/qudt-unit/JouleMeterPerMole"],
	"Joule per Cubic Meter": [["J/m^3"], "http://registry.it.csiro.au/def/qudt/1.1/qudt-unit/JoulePerCubicMeter"],
	"Joule per Cubic Meter Kelvin": [["J/(m^3 K)"], "http://registry.it.csiro.au/def/qudt/1.1/qudt-unit/JoulePerCubicMeterKelvin"],
	"Joule per Kelvin": [["J/K", "J K^-1"], "http://registry.it.csiro.au/def/qudt/1.1/qudt-unit/JoulePerKelvin"],
	"Joule per Kilogram": [["J/kg"], "http://registry.it.csiro.au/def/qudt/1.1/qudt-unit/JoulePerKilogram"],
	"Joule per Kilogram Kelvin": [["J/(kg-K)"], "http://registry.it.csiro.au/def/qudt/1.1/qudt-unit/JoulePerKilogramKelvin"],
	"Joule per Kilogram Kelvin per Cubic Meter": [["J/(kg-K-m^3)"], "http://registry.it.csiro.au/def/qudt/1.1/qudt-unit/JoulePerKilogramKelvinPerCubicMeter"],
	"Joule per Kilogram Kelvin per Pascal": [["J/(km-K-Pa)"], "http://registry.it.csiro.au/def/qudt/1.1/qudt-unit/JoulePerKilogramKelvinPerPascal"],
	"Joule per Mole": [["J/mol"], "http://registry.it.csiro.au/def/qudt/1.1/qudt-unit/JoulePerMole"],
	"Joule per Mole Kelvin": [["J/(mol-K)", "J mol^-1 K^-1"], "http://registry.it.csiro.au/def/qudt/1.1/qudt-unit/JoulePerMoleKelvin"],
	"Joule per Square Meter": [["J/m^2"], "http://registry.it.csiro.au/def/qudt/1.1/qudt-unit/JoulePerSquareMeter"],
	"Joule per Square Tesla": [["J T^-2"], "http://registry.it.csiro.au/def/qudt/1.1/qudt-unit/JoulePerSquareTesla"],
	"Joule per Tesla": [["J T^-1"], "http://registry.it.csiro.au/def/qudt/1.1/qudt-unit/JoulePerTesla"],
	"Joule Second": [["J s"], "http://registry.it.csiro.au/def/qudt/1.1/qudt-unit/JouleSecond"],
	"Joule Second per Mole": [["J s mol^-1"], "http://registry.it.csiro.au/def/qudt/1.1/qudt-unit/JouleSecondPerMole"],
	"Katal": [["kat"], "http://registry.it.csiro.au/def/qudt/1.1/qudt-unit/Katal"],
	"Kelvin": [["K"], "http://registry.it.csiro.au/def/qudt/1.1/qudt-unit/Kelvin"],
	"Kelvin per Hour": [["K / h"], "http://registry.it.csiro.au/def/qudt/1.1/qudt-unit/KelvinPerHour"],
	"Kelvin per Minute": [["K / m"], "http://registry.it.csiro.au/def/qudt/1.1/qudt-unit/KelvinPerMinute"],
	"Kelvin per Second": [["K / s"], "http://registry.it.csiro.au/def/qudt/1.1/qudt-unit/KelvinPerSecond"],
	"Kelvin per Tesla": [["K T^-1"], "http://registry.it.csiro.au/def/qudt/1.1/qudt-unit/KelvinPerTesla"],
	"Kelvin per Watt": [["K/W"], "http://registry.it.csiro.au/def/qudt/1.1/qudt-unit/KelvinPerWatt"],
	"Kenyan Shilling": [["KES"], "http://registry.it.csiro.au/def/qudt/1.1/qudt-unit/KenyanShilling"],
	"Kibi": [["Ki"], "http://registry.it.csiro.au/def/qudt/1.1/qudt-unit/Kibi"],
	"Kilo": [["k"], "http://registry.it.csiro.au/def/qudt/1.1/qudt-unit/Kilo"],
	"Kilo Electron Volt": [["keV"], "http://registry.it.csiro.au/def/qudt/1.1/qudt-unit/KiloElectronVolt"],
	"Kilo Electron Volt per Micrometer": [["keV/microM", "keV/µm"], "http://registry.it.csiro.au/def/qudt/1.1/qudt-unit/KiloElectronVoltPerMicrometer"],
	"Kilohertz": [["KHz"], "http://registry.it.csiro.au/def/qudt/1.1/qudt-unit/KiloHertz"],
	"Kilopascal": [["KPa"], "http://registry.it.csiro.au/def/qudt/1.1/qudt-unit/KiloPascal"],
	"Kilopascal Absolute": [["KPaA"], "http://registry.it.csiro.au/def/qudt/1.1/qudt-unit/KiloPascalAbsolute"],
	"Kilopond": [["kp"], "http://registry.it.csiro.au/def/qudt/1.1/qudt-unit/KiloPond"],
	"Kilobit per Second": [["kbps"], "http://registry.it.csiro.au/def/qudt/1.1/qudt-unit/KilobitsPerSecond"],
	"Kilocalorie": [["kcal"], "http://registry.it.csiro.au/def/qudt/1.1/qudt-unit/Kilocalorie"],
	"Calorie per Centimeter Second Degree Celsius": [["cal/(cm-s-degC)"], "http://registry.it.csiro.au/def/qudt/1.1/qudt-unit/KilocaloriePerCentimeterSecondDegreeCelsius"],
	"Kilocalorie per Gram": [["kcal/gm"], "http://registry.it.csiro.au/def/qudt/1.1/qudt-unit/KilocaloriePerGram"],
	"Calorie per Gram Degree Celsius": [["kcal/(gm-degC)"], "http://registry.it.csiro.au/def/qudt/1.1/qudt-unit/KilocaloriePerGramDegreeCelsius"],
	"Kilocalorie per Minute": [["kcal/min"], "http://registry.it.csiro.au/def/qudt/1.1/qudt-unit/KilocaloriePerMinute"],
	"Kilocalorie per Mole": [["kcal/mol"], "http://registry.it.csiro.au/def/qudt/1.1/qudt-unit/KilocaloriePerMole"],
	"Kilocalorie per Mole Degree Celsius": [["kcal/(mol-degC)"], "http://registry.it.csiro.au/def/qudt/1.1/qudt-unit/KilocaloriePerMoleDegreeCelsius"],
	"Kilocalorie per Second": [["kcal/s"], "http://registry.it.csiro.au/def/qudt/1.1/qudt-unit/KilocaloriePerSecond"],
	"Kilocalorie per Square Centimeter": [["kcal/cm^2"], "http://registry.it.csiro.au/def/qudt/1.1/qudt-unit/KilocaloriePerSquareCentimeter"],
	"Kilocalorie per Square Centimeter Minute": [["kcal/(cm^2-min)"], "http://registry.it.csiro.au/def/qudt/1.1/qudt-unit/KilocaloriePerSquareCentimeterMinute"],
	"Kilocalorie per Square Centimeter Second": [["kcal/(cm^2-s)"], "http://registry.it.csiro.au/def/qudt/1.1/qudt-unit/KilocaloriePerSquareCentimeterSecond"],
	"Kilogram": [["kg"], "http://registry.it.csiro.au/def/qudt/1.1/qudt-unit/Kilogram"],
	"Kilogram Force": [["kgf"], "http://registry.it.csiro.au/def/qudt/1.1/qudt-unit/KilogramForce"],
	"Kilogram Force Meter": [["kgf-m"], "http://registry.it.csiro.au/def/qudt/1.1/qudt-unit/KilogramForceMeter"],
	"Kilogram Force per Square Centimeter": [["kgf/cm^2"], "http://registry.it.csiro.au/def/qudt/1.1/qudt-unit/KilogramForcePerSquareCentimeter"],
	"Kilogram Kelvin": [["kg-K"], "http://registry.it.csiro.au/def/qudt/1.1/qudt-unit/KilogramKelvin"],
	"Kilogram Meter Per Second": [["kg-m/s", "kg m s^-1"], "http://registry.it.csiro.au/def/qudt/1.1/qudt-unit/KilogramMeterPerSecond"],
	"Kilogram Meter Squared": [["kg-m^2"], "http://registry.it.csiro.au/def/qudt/1.1/qudt-unit/KilogramMeterSquared"],
	"Kilogram per Cubic Meter": [["kg/m^3"], "http://registry.it.csiro.au/def/qudt/1.1/qudt-unit/KilogramPerCubicMeter"],
	"Kilogram per Hour": [["kg/h"], "http://registry.it.csiro.au/def/qudt/1.1/qudt-unit/KilogramPerHour"],
	"Kilogram per Meter": [["kg/m"], "http://registry.it.csiro.au/def/qudt/1.1/qudt-unit/KilogramPerMeter"],
	"Kilogram per Mole": [["kg mol^-1"], "http://registry.it.csiro.au/def/qudt/1.1/qudt-unit/KilogramPerMole"],
	"Kilogram per Second": [["kg/s"], "http://registry.it.csiro.au/def/qudt/1.1/qudt-unit/KilogramPerSecond"],
	"Kilogram per Square Meter": [["kg/m^2"], "http://registry.it.csiro.au/def/qudt/1.1/qudt-unit/KilogramPerSquareMeter"],
	"Kilogram Second Squared": [["kg-s^2"], "http://registry.it.csiro.au/def/qudt/1.1/qudt-unit/KilogramSecondSquared"],
	"Kilometer ": [["km"], "http://registry.it.csiro.au/def/qudt/1.1/qudt-unit/Kilometer"],
	"Kilometer per Hour": [["km/hr"], "http://registry.it.csiro.au/def/qudt/1.1/qudt-unit/KilometerPerHour"],
	"Kilometer per Second": [["km/s"], "http://registry.it.csiro.au/def/qudt/1.1/qudt-unit/KilometerPerSecond"],
	"Kilowatt": [["kW"], "http://registry.it.csiro.au/def/qudt/1.1/qudt-unit/Kilowatt"],
	"Kilowatthour": [["kW-hr"], "http://registry.it.csiro.au/def/qudt/1.1/qudt-unit/Kilowatthour"],
	"Kina": [["PGK"], "http://registry.it.csiro.au/def/qudt/1.1/qudt-unit/Kina"],
	"Kip": [["kip"], "http://registry.it.csiro.au/def/qudt/1.1/qudt-unit/Kip"],
	"Kip per Square Inch": [["kip/in^2"], "http://registry.it.csiro.au/def/qudt/1.1/qudt-unit/KipPerSquareInch"],
	"Knot": [["kn"], "http://registry.it.csiro.au/def/qudt/1.1/qudt-unit/Knot"],
	"Knot per Second": [["kt/s"], "http://registry.it.csiro.au/def/qudt/1.1/qudt-unit/KnotPerSecond"],
	"Kroon": [["EEK"], "http://registry.it.csiro.au/def/qudt/1.1/qudt-unit/Kroon"],
	"Kuwaiti Dinar": [["KWD"], "http://registry.it.csiro.au/def/qudt/1.1/qudt-unit/KuwaitiDinar"],
	"Kwanza": [["AOA"], "http://registry.it.csiro.au/def/qudt/1.1/qudt-unit/Kwanza"],
	"Kyat": [["MMK"], "http://registry.it.csiro.au/def/qudt/1.1/qudt-unit/Kyat"],
	"Lambert": [["L"], "http://registry.it.csiro.au/def/qudt/1.1/qudt-unit/Lambert"],
	"Laos kip": [["LAK", "₭"], "http://registry.it.csiro.au/def/qudt/1.1/qudt-unit/LaosKip"],
	"Lari": [["GEL"], "http://registry.it.csiro.au/def/qudt/1.1/qudt-unit/Lari"],
	"Latvian Lats": [["LVL"], "http://registry.it.csiro.au/def/qudt/1.1/qudt-unit/LatvianLats"],
	"Launch": [["No symbol"], "http://registry.it.csiro.au/def/qudt/1.1/qudt-unit/Launch"],
	"Lebanese Pound": [["LBP"], "http://registry.it.csiro.au/def/qudt/1.1/qudt-unit/LebanesePound"],
	"Lek": [["ALL"], "http://registry.it.csiro.au/def/qudt/1.1/qudt-unit/Lek"],
	"Lempira": [["HNL"], "http://registry.it.csiro.au/def/qudt/1.1/qudt-unit/Lempira"],
	"Leone": [["SLL"], "http://registry.it.csiro.au/def/qudt/1.1/qudt-unit/Leone"],
	"Liberian Dollar": [["LRD"], "http://registry.it.csiro.au/def/qudt/1.1/qudt-unit/LiberianDollar"],
	"Libyan Dinar": [["LYD"], "http://registry.it.csiro.au/def/qudt/1.1/qudt-unit/LibyanDinar"],
	"Light Year": [["ly"], "http://registry.it.csiro.au/def/qudt/1.1/qudt-unit/LightYear"],
	"Lilangeni": [["SZL"], "http://registry.it.csiro.au/def/qudt/1.1/qudt-unit/Lilangeni"],
	"US Liquid Cup": [["cup"], "http://registry.it.csiro.au/def/qudt/1.1/qudt-unit/LiquidCupUS"],
	"US Liquid Ounce": [["oz"], "http://registry.it.csiro.au/def/qudt/1.1/qudt-unit/LiquidOunceUS"],
	"US Liquid Pint": [["pt"], "http://registry.it.csiro.au/def/qudt/1.1/qudt-unit/LiquidPintUS"],
	"US Liquid Quart": [["qt"], "http://registry.it.csiro.au/def/qudt/1.1/qudt-unit/LiquidQuartUS"],
	"Liter": [["L"], "http://registry.it.csiro.au/def/qudt/1.1/qudt-unit/Liter"],
	"Lithuanian Litas": [["LTL"], "http://registry.it.csiro.au/def/qudt/1.1/qudt-unit/LithuanianLitas"],
	"Loti": [["LSL"], "http://registry.it.csiro.au/def/qudt/1.1/qudt-unit/Loti"],
	"Lumen": [["lm"], "http://registry.it.csiro.au/def/qudt/1.1/qudt-unit/Lumen"],
	"Lumen per Watt": [["No symbol"], "http://registry.it.csiro.au/def/qudt/1.1/qudt-unit/LumenPerWatt"],
	"Lumen Second": [["lm s"], "http://registry.it.csiro.au/def/qudt/1.1/qudt-unit/LumenSecond"],
	"Lux": [["lx"], "http://registry.it.csiro.au/def/qudt/1.1/qudt-unit/Lux"],
	"Mach": [["No symbol"], "http://registry.it.csiro.au/def/qudt/1.1/qudt-unit/Mach"],
	"Malagasy Ariary": [["MGA"], "http://registry.it.csiro.au/def/qudt/1.1/qudt-unit/MalagasyAriary"],
	"Malawi Kwacha": [["MWK"], "http://registry.it.csiro.au/def/qudt/1.1/qudt-unit/MalawiKwacha"],
	"Malaysian Ringgit": [["MYR"], "http://registry.it.csiro.au/def/qudt/1.1/qudt-unit/MalaysianRinggit"],
	"Maltese Lira": [["MTL"], "http://registry.it.csiro.au/def/qudt/1.1/qudt-unit/MalteseLira"],
	"Manat": [["TMM"], "http://registry.it.csiro.au/def/qudt/1.1/qudt-unit/Manat"],
	"Mauritius Rupee": [["MUR"], "http://registry.it.csiro.au/def/qudt/1.1/qudt-unit/MauritiusRupee"],
	"Maxwell": [["Mx"], "http://registry.it.csiro.au/def/qudt/1.1/qudt-unit/Maxwell"],
	"Mebi": [["Mi"], "http://registry.it.csiro.au/def/qudt/1.1/qudt-unit/Mebi"],
	"Mega": [["M"], "http://registry.it.csiro.au/def/qudt/1.1/qudt-unit/Mega"],
	"Mega Electron Volt": [["MeV"], "http://registry.it.csiro.au/def/qudt/1.1/qudt-unit/MegaElectronVolt"],
	"Mega Electron Volt Femtometer": [["MeV fm"], "http://registry.it.csiro.au/def/qudt/1.1/qudt-unit/MegaElectronVoltFemtometer"],
	"Mega Electron Volt per Centimeter": [["MeV/cm"], "http://registry.it.csiro.au/def/qudt/1.1/qudt-unit/MegaElectronVoltPerCentimeter"],
	"Mega Electron Volt per Speed of Light": [["MeV/c"], "http://registry.it.csiro.au/def/qudt/1.1/qudt-unit/MegaElectronVoltPerSpeedOfLight"],
	"Megahertz": [["MHz"], "http://registry.it.csiro.au/def/qudt/1.1/qudt-unit/MegaHertz"],
	"Mega Hertz per Kelvin": [["MHz K^-1"], "http://registry.it.csiro.au/def/qudt/1.1/qudt-unit/MegaHertzPerKelvin"],
	"Mega Hertz per Tesla": [["MHz T^-1"], "http://registry.it.csiro.au/def/qudt/1.1/qudt-unit/MegaHertzPerTesla"],
	"Megabit per Second": [["mbps"], "http://registry.it.csiro.au/def/qudt/1.1/qudt-unit/MegabitsPerSecond"],
	"Meter": [["m"], "http://registry.it.csiro.au/def/qudt/1.1/qudt-unit/Meter"],
	"Meter Kelvin": [["m K"], "http://registry.it.csiro.au/def/qudt/1.1/qudt-unit/MeterKelvin"],
	"Meter Kelvin per Watt": [["K-m/W"], "http://registry.it.csiro.au/def/qudt/1.1/qudt-unit/MeterKelvinPerWatt"],
	"Meter Kilogram": [["m-kg"], "http://registry.it.csiro.au/def/qudt/1.1/qudt-unit/MeterKilogram"],
	"Meter per Farad": [["m/F"], "http://registry.it.csiro.au/def/qudt/1.1/qudt-unit/MeterPerFarad"],
	"Meter per Hour": [["m/h", "m h^-1"], "http://registry.it.csiro.au/def/qudt/1.1/qudt-unit/MeterPerHour"],
	"Meter per Kelvin": [["m/K"], "http://registry.it.csiro.au/def/qudt/1.1/qudt-unit/MeterPerKelvin"],
	"Meter per Minute": [["m/min", "m min^-1"], "http://registry.it.csiro.au/def/qudt/1.1/qudt-unit/MeterPerMinute"],
	"Meter per Second": [["m/s", "m s^-1"], "http://registry.it.csiro.au/def/qudt/1.1/qudt-unit/MeterPerSecond"],
	"Meter per Second Squared": [["m/s^2", "m s^-2"], "http://registry.it.csiro.au/def/qudt/1.1/qudt-unit/MeterPerSecondSquared"],
	"Metical": [["MZN"], "http://registry.it.csiro.au/def/qudt/1.1/qudt-unit/Metical"],
	"Metric Ton": [["mT"], "http://registry.it.csiro.au/def/qudt/1.1/qudt-unit/MetricTon"],
	"Mexican Peso": [["MXN"], "http://registry.it.csiro.au/def/qudt/1.1/qudt-unit/MexicanPeso"],
	"Mexican Unidad de Inversion (UDI) (Funds code)": [["MXV"], "http://registry.it.csiro.au/def/qudt/1.1/qudt-unit/MexicanUnidadDeInversion"],
	"Mho": [["mho"], "http://registry.it.csiro.au/def/qudt/1.1/qudt-unit/Mho"],
	"Micro": [["µ"], "http://registry.it.csiro.au/def/qudt/1.1/qudt-unit/Micro"],
	"Microfarad": [["microF"], "http://registry.it.csiro.au/def/qudt/1.1/qudt-unit/MicroFarad"],
	"Microhenry": [["microH"], "http://registry.it.csiro.au/def/qudt/1.1/qudt-unit/MicroHenry"],
	"Microinch": [["in^-6"], "http://registry.it.csiro.au/def/qudt/1.1/qudt-unit/MicroInch"],
	"Microsecond": [["microsec"], "http://registry.it.csiro.au/def/qudt/1.1/qudt-unit/MicroSecond"],
	"MicroTorr": [["µtorr"], "http://registry.it.csiro.au/def/qudt/1.1/qudt-unit/MicroTorr"],
	"Microgravity": [["microG"], "http://registry.it.csiro.au/def/qudt/1.1/qudt-unit/Microgravity"],
	"Micrometer": [["µm"], "http://registry.it.csiro.au/def/qudt/1.1/qudt-unit/Micrometer"],
	"Mil Angle (NATO)": [["mil"], "http://registry.it.csiro.au/def/qudt/1.1/qudt-unit/MilAngle"],
	"Mil Length": [["mil"], "http://registry.it.csiro.au/def/qudt/1.1/qudt-unit/MilLength"],
	"Mile - International Standard": [["miINT", "mi"], "http://registry.it.csiro.au/def/qudt/1.1/qudt-unit/MileInternational"],
	"Mile per Hour": [["mi/hr"], "http://registry.it.csiro.au/def/qudt/1.1/qudt-unit/MilePerHour"],
	"Mile per Minute": [["mi/min"], "http://registry.it.csiro.au/def/qudt/1.1/qudt-unit/MilePerMinute"],
	"Mile US Statute": [["miUS", "mi"], "http://registry.it.csiro.au/def/qudt/1.1/qudt-unit/MileUSStatute"],
	"Milli": [["m"], "http://registry.it.csiro.au/def/qudt/1.1/qudt-unit/Milli"],
	"Millihenry": [["milliH"], "http://registry.it.csiro.au/def/qudt/1.1/qudt-unit/MilliHenry"],
	"Millisecond": [["ms"], "http://registry.it.csiro.au/def/qudt/1.1/qudt-unit/MilliSecond"],
	"MilliTorr": [["utorr"], "http://registry.it.csiro.au/def/qudt/1.1/qudt-unit/MilliTorr"],
	"Millibar": [["mbar"], "http://registry.it.csiro.au/def/qudt/1.1/qudt-unit/Millibar"],
	"Milligravity": [["mG"], "http://registry.it.csiro.au/def/qudt/1.1/qudt-unit/Milligravity"],
	"Millimeter": [["m^-3", "mm"], "http://registry.it.csiro.au/def/qudt/1.1/qudt-unit/Millimeter"],
	"Millimeter of Mercury": [["mmHg"], "http://registry.it.csiro.au/def/qudt/1.1/qudt-unit/MillimeterOfMercury"],
	"Millimeter of Mercury - Absolute": [["mmHgA"], "http://registry.it.csiro.au/def/qudt/1.1/qudt-unit/MillimeterOfMercuryAbsolute"],
	"Million US Dollars per Flight": [["M$/Flight"], "http://registry.it.csiro.au/def/qudt/1.1/qudt-unit/MillionDollarsPerFlight"],
	"Million US Dollars per Year": [["M$/yr"], "http://registry.it.csiro.au/def/qudt/1.1/qudt-unit/MillionDollarsPerYear"],
	"Million US Dollars": [["Million USD"], "http://registry.it.csiro.au/def/qudt/1.1/qudt-unit/MillionUSDollars"],
	"Minute Angle": [["'"], "http://registry.it.csiro.au/def/qudt/1.1/qudt-unit/MinuteAngle"],
	"Minute Sidereal": [["min"], "http://registry.it.csiro.au/def/qudt/1.1/qudt-unit/MinuteSidereal"],
	"Minute Time": [["min"], "http://registry.it.csiro.au/def/qudt/1.1/qudt-unit/MinuteTime"],
	"Moldovan Leu": [["MDL"], "http://registry.it.csiro.au/def/qudt/1.1/qudt-unit/MoldovanLeu"],
	"Mole": [["mol"], "http://registry.it.csiro.au/def/qudt/1.1/qudt-unit/Mole"],
	"Mole Degree Celsius": [["mol-degC"], "http://registry.it.csiro.au/def/qudt/1.1/qudt-unit/MoleDegreeCelsius"],
	"Mole Kelvin": [["mol-K"], "http://registry.it.csiro.au/def/qudt/1.1/qudt-unit/MoleKelvin"],
	"Mole per Cubic Meter": [["mol/m^3"], "http://registry.it.csiro.au/def/qudt/1.1/qudt-unit/MolePerCubicMeter"],
	"Mole per Kilogram": [["mol/kg"], "http://registry.it.csiro.au/def/qudt/1.1/qudt-unit/MolePerKilogram"],
	"Moroccan Dirham": [["MAD"], "http://registry.it.csiro.au/def/qudt/1.1/qudt-unit/MoroccanDirham"],
	"Naira": [["NGN"], "http://registry.it.csiro.au/def/qudt/1.1/qudt-unit/Naira"],
	"Nakfa": [["ERN"], "http://registry.it.csiro.au/def/qudt/1.1/qudt-unit/Nakfa"],
	"Namibian Dollar": [["NAD"], "http://registry.it.csiro.au/def/qudt/1.1/qudt-unit/NamibianDollar"],
	"Nano": [["n"], "http://registry.it.csiro.au/def/qudt/1.1/qudt-unit/Nano"],
	"Nanofarad": [["nF"], "http://registry.it.csiro.au/def/qudt/1.1/qudt-unit/NanoFarad"],
	"Nat": [["nat"], "http://registry.it.csiro.au/def/qudt/1.1/qudt-unit/Nat"],
	"Nautical Mile": [["nmi", "n mile"], "http://registry.it.csiro.au/def/qudt/1.1/qudt-unit/NauticalMile"],
	"Nautical Mile per Hour": [["nmi/hr"], "http://registry.it.csiro.au/def/qudt/1.1/qudt-unit/NauticalMilePerHour"],
	"Nautical Mile per Minute": [["nmi/min"], "http://registry.it.csiro.au/def/qudt/1.1/qudt-unit/NauticalMilePerMinute"],
	"Nepalese Rupee": [["NPR"], "http://registry.it.csiro.au/def/qudt/1.1/qudt-unit/NepaleseRupee"],
	"Nephelometry Turbidity Unit": [["NTU"], "http://registry.it.csiro.au/def/qudt/1.1/qudt-unit/NephelometricTurbidityUnit"],
	"Netherlands Antillian Guilder": [["ANG"], "http://registry.it.csiro.au/def/qudt/1.1/qudt-unit/NetherlandsAntillianGuilder"],
	"New Israeli Shekel": [["ILS"], "http://registry.it.csiro.au/def/qudt/1.1/qudt-unit/NewIsraeliShekel"],
	"New Taiwan Dollar": [["TWD"], "http://registry.it.csiro.au/def/qudt/1.1/qudt-unit/NewTaiwanDollar"],
	"New Turkish Lira": [["TRY"], "http://registry.it.csiro.au/def/qudt/1.1/qudt-unit/NewTurkishLira"],
	"New Zealand Dollar": [["NZD"], "http://registry.it.csiro.au/def/qudt/1.1/qudt-unit/NewZealandDollar"],
	"Newton": [["N"], "http://registry.it.csiro.au/def/qudt/1.1/qudt-unit/Newton"],
	"Newton Meter": [["N-m"], "http://registry.it.csiro.au/def/qudt/1.1/qudt-unit/NewtonMeter"],
	"Newton per Coulomb": [["N/C"], "http://registry.it.csiro.au/def/qudt/1.1/qudt-unit/NewtonPerCoulomb"],
	"Newton per Kilogram": [["N/kg"], "http://registry.it.csiro.au/def/qudt/1.1/qudt-unit/NewtonPerKilogram"],
	"Newton per Meter": [["N/m"], "http://registry.it.csiro.au/def/qudt/1.1/qudt-unit/NewtonPerMeter"],
	"Ngultrum": [["BTN"], "http://registry.it.csiro.au/def/qudt/1.1/qudt-unit/Ngultrum"],
	"North Korean Won": [["KPW"], "http://registry.it.csiro.au/def/qudt/1.1/qudt-unit/NorthKoreanWon"],
	"Norwegian Krone": [["NOK"], "http://registry.it.csiro.au/def/qudt/1.1/qudt-unit/NorwegianKrone"],
	"Nuevo Sol": [["PEN"], "http://registry.it.csiro.au/def/qudt/1.1/qudt-unit/NuevoSol"],
	"Number": [["#"], "http://registry.it.csiro.au/def/qudt/1.1/qudt-unit/Number"],
	"Number per Year": [["#/yr"], "http://registry.it.csiro.au/def/qudt/1.1/qudt-unit/NumberPerYear"],
	"Oersted": [["Oe"], "http://registry.it.csiro.au/def/qudt/1.1/qudt-unit/Oersted"],
	"Oersted Centimeter": [["Oe-cm"], "http://registry.it.csiro.au/def/qudt/1.1/qudt-unit/OerstedCentimeter"],
	"Ohm": [["Ohm", "ohm"], "http://registry.it.csiro.au/def/qudt/1.1/qudt-unit/Ohm"],
	"Rial Omani": [["OMR"], "http://registry.it.csiro.au/def/qudt/1.1/qudt-unit/OmaniRial"],
	"Ouguiya": [["MRO"], "http://registry.it.csiro.au/def/qudt/1.1/qudt-unit/Ouguiya"],
	"Ounce Force": [["ozf"], "http://registry.it.csiro.au/def/qudt/1.1/qudt-unit/OunceForce"],
	"Ounce Force Inch": [["ozf-in"], "http://registry.it.csiro.au/def/qudt/1.1/qudt-unit/OunceForceInch"],
	"Imperial Ounce": [["oz"], "http://registry.it.csiro.au/def/qudt/1.1/qudt-unit/OunceImperial"],
	"Ounce Mass": [["ozm"], "http://registry.it.csiro.au/def/qudt/1.1/qudt-unit/OunceMass"],
	"Ounce per Cubic Inch": [["oz/in^3"], "http://registry.it.csiro.au/def/qudt/1.1/qudt-unit/OuncePerCubicInch"],
	"Ounce per Gallon": [["oz/gal"], "http://registry.it.csiro.au/def/qudt/1.1/qudt-unit/OuncePerGallon"],
	"Ounce per Square Foot": [["oz/ft^2"], "http://registry.it.csiro.au/def/qudt/1.1/qudt-unit/OuncePerSquareFoot"],
	"Ounce per Square Yard": [["oz/yd^2"], "http://registry.it.csiro.au/def/qudt/1.1/qudt-unit/OuncePerSquareYard"],
	"Ounce Troy": [["oz"], "http://registry.it.csiro.au/def/qudt/1.1/qudt-unit/OunceTroy"],
	"Pa'anga": [["TOP"], "http://registry.it.csiro.au/def/qudt/1.1/qudt-unit/Paanga"],
	"Pakistan Rupee": [["PKR"], "http://registry.it.csiro.au/def/qudt/1.1/qudt-unit/PakistanRupee"],
	"Palladium (one Troy ounce)": [["XPD"], "http://registry.it.csiro.au/def/qudt/1.1/qudt-unit/Palladium-OunceTroy"],
	"Parsec": [["parsec", "pc"], "http://registry.it.csiro.au/def/qudt/1.1/qudt-unit/Parsec"],
	"Pascal": [["Pa"], "http://registry.it.csiro.au/def/qudt/1.1/qudt-unit/Pascal"],
	"Pascal per Hour": [["P / hr"], "http://registry.it.csiro.au/def/qudt/1.1/qudt-unit/PascalPerHour"],
	"Pascal per Minute": [["P / min"], "http://registry.it.csiro.au/def/qudt/1.1/qudt-unit/PascalPerMinute"],
	"Pascal per Second": [["P / s"], "http://registry.it.csiro.au/def/qudt/1.1/qudt-unit/PascalPerSecond"],
	"Pascal Second": [["Pa-s"], "http://registry.it.csiro.au/def/qudt/1.1/qudt-unit/PascalSecond"],
	"Pataca": [["MOP"], "http://registry.it.csiro.au/def/qudt/1.1/qudt-unit/Pataca"],
	"Pebi": [["Pi"], "http://registry.it.csiro.au/def/qudt/1.1/qudt-unit/Pebi"],
	"US Peck": [["pk"], "http://registry.it.csiro.au/def/qudt/1.1/qudt-unit/Peck"],
	"Penny Weight": [["dwt"], "http://registry.it.csiro.au/def/qudt/1.1/qudt-unit/PennyWeight"],
	"Per Cubic Meter": [["/m^3", "m^-3"], "http://registry.it.csiro.au/def/qudt/1.1/qudt-unit/PerCubicMeter"],
	"Per Meter Unit": [["/m", "m^-1"], "http://registry.it.csiro.au/def/qudt/1.1/qudt-unit/PerMeter"],
	"Per Meter Kelvin Unit": [["m^-1 K^-1"], "http://registry.it.csiro.au/def/qudt/1.1/qudt-unit/PerMeterKelvin"],
	"Per Mole Unit": [["mol^-1"], "http://registry.it.csiro.au/def/qudt/1.1/qudt-unit/PerMole"],
	"Inverse Second": [["s^-1"], "http://registry.it.csiro.au/def/qudt/1.1/qudt-unit/PerSecond"],
	"Per Square Giga Electron Volt Unit": [["GeV^-2"], "http://registry.it.csiro.au/def/qudt/1.1/qudt-unit/PerSquareGigaElectronVolt"],
	"Per Tesla Meter Unit": [["m^-1 T^-1"], "http://registry.it.csiro.au/def/qudt/1.1/qudt-unit/PerTeslaMeter"],
	"Per Tesla Second Unit": [["s^-1 T^-1"], "http://registry.it.csiro.au/def/qudt/1.1/qudt-unit/PerTeslaSecond"],
	"Percent": [["%"], "http://registry.it.csiro.au/def/qudt/1.1/qudt-unit/Percent"],
	"Person": [["person"], "http://registry.it.csiro.au/def/qudt/1.1/qudt-unit/Person"],
	"Peta": [["P"], "http://registry.it.csiro.au/def/qudt/1.1/qudt-unit/Peta"],
	"Philippine Peso": [["PHP"], "http://registry.it.csiro.au/def/qudt/1.1/qudt-unit/PhilippinePeso"],
	"Phot": [["ph"], "http://registry.it.csiro.au/def/qudt/1.1/qudt-unit/Phot"],
	"Pica": [["Pm"], "http://registry.it.csiro.au/def/qudt/1.1/qudt-unit/Pica"],
	"Pico": [["p"], "http://registry.it.csiro.au/def/qudt/1.1/qudt-unit/Pico"],
	"Picofarad": [["pF"], "http://registry.it.csiro.au/def/qudt/1.1/qudt-unit/PicoFarad"],
	"Imperial Pint": [["pi"], "http://registry.it.csiro.au/def/qudt/1.1/qudt-unit/PintImperial"],
	"Planck Area": [["No symbol"], "http://registry.it.csiro.au/def/qudt/1.1/qudt-unit/PlanckArea"],
	"Planck Charge": [["Q_p"], "http://registry.it.csiro.au/def/qudt/1.1/qudt-unit/PlanckCharge"],
	"Planck Current": [["No symbol"], "http://registry.it.csiro.au/def/qudt/1.1/qudt-unit/PlanckCurrent"],
	"Planck Current Density": [["No symbol"], "http://registry.it.csiro.au/def/qudt/1.1/qudt-unit/PlanckCurrentDensity"],
	"Planck Density": [["No symbol"], "http://registry.it.csiro.au/def/qudt/1.1/qudt-unit/PlanckDensity"],
	"Planck Energy": [["No symbol"], "http://registry.it.csiro.au/def/qudt/1.1/qudt-unit/PlanckEnergy"],
	"Planck Force": [["No symbol"], "http://registry.it.csiro.au/def/qudt/1.1/qudt-unit/PlanckForce"],
	"Planck Frequency": [["No symbol"], "http://registry.it.csiro.au/def/qudt/1.1/qudt-unit/PlanckFrequency"],
	"Planck Length": [["l_P"], "http://registry.it.csiro.au/def/qudt/1.1/qudt-unit/PlanckLength"],
	"Planck Mass": [["m_P"], "http://registry.it.csiro.au/def/qudt/1.1/qudt-unit/PlanckMass"],
	"Planck Momentum": [["No symbol"], "http://registry.it.csiro.au/def/qudt/1.1/qudt-unit/PlanckMomentum"],
	"Planck Power": [["No symbol"], "http://registry.it.csiro.au/def/qudt/1.1/qudt-unit/PlanckPower"],
	"Planck Pressure": [["No symbol"], "http://registry.it.csiro.au/def/qudt/1.1/qudt-unit/PlanckPressure"],
	"Planck Resistance": [["No symbol"], "http://registry.it.csiro.au/def/qudt/1.1/qudt-unit/PlanckResistance"],
	"Planck Temperature": [["Θ_P"], "http://registry.it.csiro.au/def/qudt/1.1/qudt-unit/PlanckTemperature"],
	"Planck Time": [["t_P"], "http://registry.it.csiro.au/def/qudt/1.1/qudt-unit/PlanckTime"],
	"Planck Volt": [["No symbol"], "http://registry.it.csiro.au/def/qudt/1.1/qudt-unit/PlanckVolt"],
	"Planck Volume": [["No symbol"], "http://registry.it.csiro.au/def/qudt/1.1/qudt-unit/PlanckVolume"],
	"Platinum (one Troy ounce)": [["XPT"], "http://registry.it.csiro.au/def/qudt/1.1/qudt-unit/Platinum-OunceTroy"],
	"Point": [["pt"], "http://registry.it.csiro.au/def/qudt/1.1/qudt-unit/Point"],
	"Poise": [["P"], "http://registry.it.csiro.au/def/qudt/1.1/qudt-unit/Poise"],
	"Pound Degree Fahrenheit": [["lb-degF"], "http://registry.it.csiro.au/def/qudt/1.1/qudt-unit/PoundDegreeFahrenheit"],
	"Pound Degree Rankine": [["lb-degR"], "http://registry.it.csiro.au/def/qudt/1.1/qudt-unit/PoundDegreeRankine"],
	"Pound Force": [["lbf"], "http://registry.it.csiro.au/def/qudt/1.1/qudt-unit/PoundForce"],
	"Pound Force Foot": [["lbf-ft"], "http://registry.it.csiro.au/def/qudt/1.1/qudt-unit/PoundForceFoot"],
	"Pound Force Inch": [["lbf-in"], "http://registry.it.csiro.au/def/qudt/1.1/qudt-unit/PoundForceInch"],
	"Pound Force per Foot": [["lbf/ft"], "http://registry.it.csiro.au/def/qudt/1.1/qudt-unit/PoundForcePerFoot"],
	"Pound Force per Inch": [["lbf/in"], "http://registry.it.csiro.au/def/qudt/1.1/qudt-unit/PoundForcePerInch"],
	"Pound Force per Pound": [["lbf/lb"], "http://registry.it.csiro.au/def/qudt/1.1/qudt-unit/PoundForcePerPound"],
	"Pound Force per Square Foot": [["lbf/ft^2"], "http://registry.it.csiro.au/def/qudt/1.1/qudt-unit/PoundForcePerSquareFoot"],
	"Pound Force per Square Inch": [["psi"], "http://registry.it.csiro.au/def/qudt/1.1/qudt-unit/PoundForcePerSquareInch"],
	"Pound Force per Square Inch Second": [["lbf / in^2-s"], "http://registry.it.csiro.au/def/qudt/1.1/qudt-unit/PoundForcePerSquareInchSecond"],
	"Pound Force Second per Square Foot": [["lbf-s/ft^2"], "http://registry.it.csiro.au/def/qudt/1.1/qudt-unit/PoundForceSecondPerSquareFoot"],
	"Pound Force Second per Square Inch": [["lbf-s/in^2"], "http://registry.it.csiro.au/def/qudt/1.1/qudt-unit/PoundForceSecondPerSquareInch"],
	"Pound Mass": [["lbm"], "http://registry.it.csiro.au/def/qudt/1.1/qudt-unit/PoundMass"],
	"Pound Mole": [["lb-mol"], "http://registry.it.csiro.au/def/qudt/1.1/qudt-unit/PoundMole"],
	"Pound Mole Degree Fahrenheit": [["lb-mol-degF"], "http://registry.it.csiro.au/def/qudt/1.1/qudt-unit/PoundMoleDegreeFahrenheit"],
	"Pound per Cubic Foot": [["lb/ft^3"], "http://registry.it.csiro.au/def/qudt/1.1/qudt-unit/PoundPerCubicFoot"],
	"Pound per Cubic Inch": [["lb/in^3"], "http://registry.it.csiro.au/def/qudt/1.1/qudt-unit/PoundPerCubicInch"],
	"Pound per Cubic Meter": [["lb/m^3", "lbm/m^3"], "http://registry.it.csiro.au/def/qudt/1.1/qudt-unit/PoundPerCubicMeter"],
	"Pound per Cubic Yard": [["lb/yd^3"], "http://registry.it.csiro.au/def/qudt/1.1/qudt-unit/PoundPerCubicYard"],
	"Pound per Foot": [["lb/ft"], "http://registry.it.csiro.au/def/qudt/1.1/qudt-unit/PoundPerFoot"],
	"Pound per Foot Hour": [["lb/(ft-hr)"], "http://registry.it.csiro.au/def/qudt/1.1/qudt-unit/PoundPerFootHour"],
	"Pound per Foot Second": [["lb/(ft-s)"], "http://registry.it.csiro.au/def/qudt/1.1/qudt-unit/PoundPerFootSecond"],
	"Pound per Gallon": [["lb/gal"], "http://registry.it.csiro.au/def/qudt/1.1/qudt-unit/PoundPerGallon"],
	"Pound per Hour": [["lb/hr"], "http://registry.it.csiro.au/def/qudt/1.1/qudt-unit/PoundPerHour"],
	"Pound per Inch": [["lb/in"], "http://registry.it.csiro.au/def/qudt/1.1/qudt-unit/PoundPerInch"],
	"Pound per Minute": [["lb/min"], "http://registry.it.csiro.au/def/qudt/1.1/qudt-unit/PoundPerMinute"],
	"Pound per Square Foot": [["lb/ft^2"], "http://registry.it.csiro.au/def/qudt/1.1/qudt-unit/PoundPerSquareFoot"],
	"Pound Sterling": [["GBP"], "http://registry.it.csiro.au/def/qudt/1.1/qudt-unit/PoundSterling"],
	"Pound Troy": [["lbm"], "http://registry.it.csiro.au/def/qudt/1.1/qudt-unit/PoundTroy"],
	"Poundal": [["pdl"], "http://registry.it.csiro.au/def/qudt/1.1/qudt-unit/Poundal"],
	"Poundal per Square Foot": [["pdl/ft^2"], "http://registry.it.csiro.au/def/qudt/1.1/qudt-unit/PoundalPerSquareFoot"],
	"Pula": [["BWP"], "http://registry.it.csiro.au/def/qudt/1.1/qudt-unit/Pula"],
	"Qatari Rial": [["QAR"], "http://registry.it.csiro.au/def/qudt/1.1/qudt-unit/QatariRial"],
	"Quad": [["quad"], "http://registry.it.csiro.au/def/qudt/1.1/qudt-unit/Quad"],
	"Quartic Coulomb Meter per Cubic Energy": [["C^4 m^4 J^-3"], "http://registry.it.csiro.au/def/qudt/1.1/qudt-unit/QuarticCoulombMeterPerCubicEnergy"],
	"Quetzal": [["GTQ"], "http://registry.it.csiro.au/def/qudt/1.1/qudt-unit/Quetzal"],
	"Rad": [["rad"], "http://registry.it.csiro.au/def/qudt/1.1/qudt-unit/Rad"],
	"Radian": [["rad"], "http://registry.it.csiro.au/def/qudt/1.1/qudt-unit/Radian"],
	"Radian per Hour": [["rad/h"], "http://registry.it.csiro.au/def/qudt/1.1/qudt-unit/RadianPerHour"],
	"Radian per second": [["rad/m"], "http://registry.it.csiro.au/def/qudt/1.1/qudt-unit/RadianPerMinute"],
	"Radian per Second": [["rad/s"], "http://registry.it.csiro.au/def/qudt/1.1/qudt-unit/RadianPerSecond"],
	"Radian per Second Squared": [["rad/s^2"], "http://registry.it.csiro.au/def/qudt/1.1/qudt-unit/RadianPerSecondSquared"],
	"Register Ton": [["RT"], "http://registry.it.csiro.au/def/qudt/1.1/qudt-unit/RegisterTon"],
	"Relative Permeability": [["μr"], "http://registry.it.csiro.au/def/qudt/1.1/qudt-unit/RelativePermeability"],
	"Relative Permittivity": [["εr"], "http://registry.it.csiro.au/def/qudt/1.1/qudt-unit/RelativePermittivity"],
	"Rem": [["rem"], "http://registry.it.csiro.au/def/qudt/1.1/qudt-unit/Rem"],
	"Revolution": [["rev"], "http://registry.it.csiro.au/def/qudt/1.1/qudt-unit/Revolution"],
	"Revolution per Hour": [["rev/h"], "http://registry.it.csiro.au/def/qudt/1.1/qudt-unit/RevolutionPerHour"],
	"Revolution per Minute": [["rev/min"], "http://registry.it.csiro.au/def/qudt/1.1/qudt-unit/RevolutionPerMinute"],
	"Revolution per Second": [["rev/s"], "http://registry.it.csiro.au/def/qudt/1.1/qudt-unit/RevolutionPerSecond"],
	"Revolution per Second Squared": [["No symbol"], "http://registry.it.csiro.au/def/qudt/1.1/qudt-unit/RevolutionPerSecondSquared"],
	"Riel": [["KHR"], "http://registry.it.csiro.au/def/qudt/1.1/qudt-unit/Riel"],
	"Rod": [["rd"], "http://registry.it.csiro.au/def/qudt/1.1/qudt-unit/Rod"],
	"Roentgen": [["R"], "http://registry.it.csiro.au/def/qudt/1.1/qudt-unit/Roentgen"],
	"Romanian New Leu": [["RON"], "http://registry.it.csiro.au/def/qudt/1.1/qudt-unit/RomanianNeLeu"],
	"Rufiyaa": [["MVR"], "http://registry.it.csiro.au/def/qudt/1.1/qudt-unit/Rufiyaa"],
	"Rupiah": [["IDR"], "http://registry.it.csiro.au/def/qudt/1.1/qudt-unit/Rupiah"],
	"Russian Ruble": [["RUB"], "http://registry.it.csiro.au/def/qudt/1.1/qudt-unit/RussianRuble"],
	"Rwanda Franc": [["RWF"], "http://registry.it.csiro.au/def/qudt/1.1/qudt-unit/RwandaFranc"],
	"Saint Helena Pound": [["SHP"], "http://registry.it.csiro.au/def/qudt/1.1/qudt-unit/SaintHelenaPound"],
	"Samoan Tala": [["WST"], "http://registry.it.csiro.au/def/qudt/1.1/qudt-unit/SamoanTala"],
	"Sample per second": [["No symbol"], "http://registry.it.csiro.au/def/qudt/1.1/qudt-unit/SamplePerSecond"],
	"Saudi Riyal": [["SAR"], "http://registry.it.csiro.au/def/qudt/1.1/qudt-unit/SaudiRiyal"],
	"Second Angle": [["\""], "http://registry.it.csiro.au/def/qudt/1.1/qudt-unit/SecondAngle"],
	"Second Square Foot": [["s-ft^2"], "http://registry.it.csiro.au/def/qudt/1.1/qudt-unit/SecondSquareFoot"],
	"Second": [["s"], "http://registry.it.csiro.au/def/qudt/1.1/qudt-unit/SecondTime"],
	"Second Time Squared": [["s^2"], "http://registry.it.csiro.au/def/qudt/1.1/qudt-unit/SecondTimeSquared"],
	"Serbian Dinar": [["RSD"], "http://registry.it.csiro.au/def/qudt/1.1/qudt-unit/SerbianDinar"],
	"Seychelles Rupee": [["SCR"], "http://registry.it.csiro.au/def/qudt/1.1/qudt-unit/SeychellesRupee"],
	"Shake": [["Sh"], "http://registry.it.csiro.au/def/qudt/1.1/qudt-unit/Shake"],
	"Siemens": [["S"], "http://registry.it.csiro.au/def/qudt/1.1/qudt-unit/Siemens"],
	"Sievert": [["Sv"], "http://registry.it.csiro.au/def/qudt/1.1/qudt-unit/Sievert"],
	"Silver (one Troy ounce)": [["XAG"], "http://registry.it.csiro.au/def/qudt/1.1/qudt-unit/Silver-OunceTroy"],
	"Singapore Dollar": [["SGD"], "http://registry.it.csiro.au/def/qudt/1.1/qudt-unit/SingaporeDollar"],
	"Slovak Koruna": [["SKK"], "http://registry.it.csiro.au/def/qudt/1.1/qudt-unit/SlovakKoruna"],
	"Slug": [["slug"], "http://registry.it.csiro.au/def/qudt/1.1/qudt-unit/Slug"],
	"Slug per Cubic Foot": [["slug/ft^3"], "http://registry.it.csiro.au/def/qudt/1.1/qudt-unit/SlugPerCubicFoot"],
	"Slug per Foot": [["slug/ft"], "http://registry.it.csiro.au/def/qudt/1.1/qudt-unit/SlugPerFoot"],
	"Slug per Foot Second": [["slug/(ft-s)"], "http://registry.it.csiro.au/def/qudt/1.1/qudt-unit/SlugPerFootSecond"],
	"Slug per Second": [["slug/s"], "http://registry.it.csiro.au/def/qudt/1.1/qudt-unit/SlugPerSecond"],
	"Slug per Square Foot": [["slug/ft^2"], "http://registry.it.csiro.au/def/qudt/1.1/qudt-unit/SlugPerSquareFoot"],
	"Solomon Islands Dollar": [["SBD"], "http://registry.it.csiro.au/def/qudt/1.1/qudt-unit/SolomonIslandsDollar"],
	"Som": [["KGS"], "http://registry.it.csiro.au/def/qudt/1.1/qudt-unit/Som"],
	"Somali Shilling": [["SOS"], "http://registry.it.csiro.au/def/qudt/1.1/qudt-unit/SomaliShilling"],
	"Somoni": [["TJS"], "http://registry.it.csiro.au/def/qudt/1.1/qudt-unit/Somoni"],
	"South African Rand": [["ZAR"], "http://registry.it.csiro.au/def/qudt/1.1/qudt-unit/SouthAfricanRand"],
	"South Korean Won": [["KRW"], "http://registry.it.csiro.au/def/qudt/1.1/qudt-unit/SouthKoreanWon"],
	"Special Drawing Rights": [["XDR"], "http://registry.it.csiro.au/def/qudt/1.1/qudt-unit/SpecialDrawingRights"],
	"Square Centimeter": [["cm^2"], "http://registry.it.csiro.au/def/qudt/1.1/qudt-unit/SquareCentimeter"],
	"Square Centimeter Minute": [["cm^2-m"], "http://registry.it.csiro.au/def/qudt/1.1/qudt-unit/SquareCentimeterMinute"],
	"Square Centimeter Second": [["cm^2-s"], "http://registry.it.csiro.au/def/qudt/1.1/qudt-unit/SquareCentimeterSecond"],
	"Square Coulomb Meter per Joule": [["C^2 m^2 J^-1"], "http://registry.it.csiro.au/def/qudt/1.1/qudt-unit/SquareCoulombMeterPerJoule"],
	"Square degree": [["deg^2"], "http://registry.it.csiro.au/def/qudt/1.1/qudt-unit/SquareDegree"],
	"Square Foot": [["ft^2"], "http://registry.it.csiro.au/def/qudt/1.1/qudt-unit/SquareFoot"],
	"Square Foot Degree Fahrenheit": [["ft^2-degF"], "http://registry.it.csiro.au/def/qudt/1.1/qudt-unit/SquareFootDegreeFahrenheit"],
	"Square Foot Hour Degree Fahrenheit": [["ft^2-hr-degF"], "http://registry.it.csiro.au/def/qudt/1.1/qudt-unit/SquareFootHourDegreeFahrenheit"],
	"Square Foot Hour Degree Fahrenheit per BTU": [["(degF-hr-ft^2)/Btu"], "http://registry.it.csiro.au/def/qudt/1.1/qudt-unit/SquareFootHourDegreeFahrenheitPerBtu"],
	"Square Foot per BTU Inch": [["ft^2/(Btu-in)"], "http://registry.it.csiro.au/def/qudt/1.1/qudt-unit/SquareFootPerBtuInch"],
	"Square Foot per Hour": [["ft^2/hr"], "http://registry.it.csiro.au/def/qudt/1.1/qudt-unit/SquareFootPerHour"],
	"Square Foot per Second": [["ft^2/s"], "http://registry.it.csiro.au/def/qudt/1.1/qudt-unit/SquareFootPerSecond"],
	"Square Foot Second Degree Fahrenheit": [["ft^2-s-degF"], "http://registry.it.csiro.au/def/qudt/1.1/qudt-unit/SquareFootSecondDegreeFahrenheit"],
	"Square Inch": [["in^2"], "http://registry.it.csiro.au/def/qudt/1.1/qudt-unit/SquareInch"],
	"Square Meter": [["m^2"], "http://registry.it.csiro.au/def/qudt/1.1/qudt-unit/SquareMeter"],
	"Square Meter Kelvin": [["m^2-K"], "http://registry.it.csiro.au/def/qudt/1.1/qudt-unit/SquareMeterKelvin"],
	"Square Meter Kelvin per Watt": [["(K^2)m/W"], "http://registry.it.csiro.au/def/qudt/1.1/qudt-unit/SquareMeterKelvinPerWatt"],
	"Square Meter per Kelvin": [["m^2/K"], "http://registry.it.csiro.au/def/qudt/1.1/qudt-unit/SquareMeterPerKelvin"],
	"Square Meter per Second": [["m^2 s^-1"], "http://registry.it.csiro.au/def/qudt/1.1/qudt-unit/SquareMeterPerSecond"],
	"Square Meter Steradian": [["m^2-sr"], "http://registry.it.csiro.au/def/qudt/1.1/qudt-unit/SquareMeterSteradian"],
	"Square Mile": [["mi^2"], "http://registry.it.csiro.au/def/qudt/1.1/qudt-unit/SquareMile"],
	"Square Yard": [["yd^2"], "http://registry.it.csiro.au/def/qudt/1.1/qudt-unit/SquareYard"],
	"Sri Lanka Rupee": [["LKR"], "http://registry.it.csiro.au/def/qudt/1.1/qudt-unit/SriLankaRupee"],
	"Statampere": [["statA"], "http://registry.it.csiro.au/def/qudt/1.1/qudt-unit/Statampere"],
	"Statampere per Square Centimeter": [["statA / cm^2"], "http://registry.it.csiro.au/def/qudt/1.1/qudt-unit/StatamperePerSquareCentimeter"],
	"Statcoulomb": [["statC"], "http://registry.it.csiro.au/def/qudt/1.1/qudt-unit/Statcoulomb"],
	"Statcoulomb per Mole": [["statC/mol"], "http://registry.it.csiro.au/def/qudt/1.1/qudt-unit/StatcoulombPerMole"],
	"Statcoulomb per Square Centimeter": [["statC/cm^2"], "http://registry.it.csiro.au/def/qudt/1.1/qudt-unit/StatcoulombPerSquareCentimeter"],
	"Statfarad": [["statF"], "http://registry.it.csiro.au/def/qudt/1.1/qudt-unit/Statfarad"],
	"Stathenry": [["statH"], "http://registry.it.csiro.au/def/qudt/1.1/qudt-unit/Stathenry"],
	"Stathenry per Centimeter": [["statH/cm"], "http://registry.it.csiro.au/def/qudt/1.1/qudt-unit/StathenryPerCentimeter"],
	"Statmho": [["statS"], "http://registry.it.csiro.au/def/qudt/1.1/qudt-unit/Statmho"],
	"Statohm": [["statOhm"], "http://registry.it.csiro.au/def/qudt/1.1/qudt-unit/Statohm"],
	"Statvolt": [["statV"], "http://registry.it.csiro.au/def/qudt/1.1/qudt-unit/Statvolt"],
	"Statvolt Centimeter": [["statV cm"], "http://registry.it.csiro.au/def/qudt/1.1/qudt-unit/StatvoltCentimeter"],
	"Statvolt per Centimeter": [["statV/cm"], "http://registry.it.csiro.au/def/qudt/1.1/qudt-unit/StatvoltPerCentimeter"],
	"Steradian": [["sr"], "http://registry.it.csiro.au/def/qudt/1.1/qudt-unit/Steradian"],
	"Stere": [["st"], "http://registry.it.csiro.au/def/qudt/1.1/qudt-unit/Stere"],
	"Stilb": [["sb"], "http://registry.it.csiro.au/def/qudt/1.1/qudt-unit/Stilb"],
	"Stokes": [["St"], "http://registry.it.csiro.au/def/qudt/1.1/qudt-unit/Stokes"],
	"Sudanese Pound": [["SDG"], "http://registry.it.csiro.au/def/qudt/1.1/qudt-unit/SudanesePound"],
	"Surinam Dollar": [["SRD"], "http://registry.it.csiro.au/def/qudt/1.1/qudt-unit/SurinamDollar"],
	"Swedish Krona": [["SEK"], "http://registry.it.csiro.au/def/qudt/1.1/qudt-unit/SwedishKrona"],
	"Swiss Franc": [["CHF"], "http://registry.it.csiro.au/def/qudt/1.1/qudt-unit/SwissFranc"],
	"Syrian Pound": [["SYP"], "http://registry.it.csiro.au/def/qudt/1.1/qudt-unit/SyrianPound"],
	"Tablespoon": [["tbsp"], "http://registry.it.csiro.au/def/qudt/1.1/qudt-unit/Tablespoon"],
	"Tanzanian Shilling": [["TZS"], "http://registry.it.csiro.au/def/qudt/1.1/qudt-unit/TanzanianShilling"],
	"Teaspoon": [["tsp"], "http://registry.it.csiro.au/def/qudt/1.1/qudt-unit/Teaspoon"],
	"Tebi": [["Ti"], "http://registry.it.csiro.au/def/qudt/1.1/qudt-unit/Tebi"],
	"Tenge": [["KZT"], "http://registry.it.csiro.au/def/qudt/1.1/qudt-unit/Tenge"],
	"Tera": [["T"], "http://registry.it.csiro.au/def/qudt/1.1/qudt-unit/Tera"],
	"Tesla": [["T"], "http://registry.it.csiro.au/def/qudt/1.1/qudt-unit/Tesla"],
	"Tesla Meter": [["m T"], "http://registry.it.csiro.au/def/qudt/1.1/qudt-unit/TeslaMeter"],
	"Tesla Second": [["s T"], "http://registry.it.csiro.au/def/qudt/1.1/qudt-unit/TeslaSecond"],
	"Tex": [["tex"], "http://registry.it.csiro.au/def/qudt/1.1/qudt-unit/Tex"],
	"Therm EC": [["therm (EC)"], "http://registry.it.csiro.au/def/qudt/1.1/qudt-unit/ThermEEC"],
	"Therm US": [["therm (US)"], "http://registry.it.csiro.au/def/qudt/1.1/qudt-unit/ThermUS"],
	"Ton Assay": [["AT"], "http://registry.it.csiro.au/def/qudt/1.1/qudt-unit/TonAssay"],
	"Ton Energy": [["t/lbf"], "http://registry.it.csiro.au/def/qudt/1.1/qudt-unit/TonEnergy"],
	"Ton - Long": [["ton"], "http://registry.it.csiro.au/def/qudt/1.1/qudt-unit/TonLong"],
	"Ton Long per Cubic Yard": [["ton/yd^3"], "http://registry.it.csiro.au/def/qudt/1.1/qudt-unit/TonLongPerCubicYard"],
	"Ton metric": [["No symbol"], "http://registry.it.csiro.au/def/qudt/1.1/qudt-unit/TonMetric"],
	"Ton of Oil Equivalent": [["toe"], "http://registry.it.csiro.au/def/qudt/1.1/qudt-unit/TonOfOilEquivalent"],
	"Ton of Refrigeration": [["t/fg"], "http://registry.it.csiro.au/def/qudt/1.1/qudt-unit/TonOfRefrigeration"],
	"Ton - Short": [["ton"], "http://registry.it.csiro.au/def/qudt/1.1/qudt-unit/TonShort"],
	"Ton Short per Cubic Yard": [["ton/yd"], "http://registry.it.csiro.au/def/qudt/1.1/qudt-unit/TonShortPerCubicYard"],
	"Short Ton per Hour": [["ton/hr"], "http://registry.it.csiro.au/def/qudt/1.1/qudt-unit/TonShortPerHour"],
	"Torr": [["torr"], "http://registry.it.csiro.au/def/qudt/1.1/qudt-unit/Torr"],
	"Trinidad and Tobago Dollar": [["TTD"], "http://registry.it.csiro.au/def/qudt/1.1/qudt-unit/TrinidadAndTobagoDollar"],
	"Tugrik": [["MNT"], "http://registry.it.csiro.au/def/qudt/1.1/qudt-unit/Tugrik"],
	"Tunisian Dinar": [["TND"], "http://registry.it.csiro.au/def/qudt/1.1/qudt-unit/TunisianDinar"],
	"United Arab Emirates dirham": [["AED"], "http://registry.it.csiro.au/def/qudt/1.1/qudt-unit/UAEDirham"],
	"UIC franc (special settlement currency)": [["XFU"], "http://registry.it.csiro.au/def/qudt/1.1/qudt-unit/UICFranc"],
	"US Dollar": [["USD"], "http://registry.it.csiro.au/def/qudt/1.1/qudt-unit/USDollar"],
	"United States Dollar (next day) (funds code)": [["USN"], "http://registry.it.csiro.au/def/qudt/1.1/qudt-unit/USDollar-NextDay"],
	"United States Dollar (same day) (funds code)": [["No symbol"], "http://registry.it.csiro.au/def/qudt/1.1/qudt-unit/USDollar-SameDay"],
	"Uganda Shilling": [["UGX"], "http://registry.it.csiro.au/def/qudt/1.1/qudt-unit/UgandaShilling"],
	"Unidad de Valor Real": [["COU"], "http://registry.it.csiro.au/def/qudt/1.1/qudt-unit/UnidadDeValorReal"],
	"Unidades de formento (Funds code)": [["CLF"], "http://registry.it.csiro.au/def/qudt/1.1/qudt-unit/UnidadesDeFormento"],
	"Unified Atomic Mass Unit": [["u"], "http://registry.it.csiro.au/def/qudt/1.1/qudt-unit/UnifiedAtomicMassUnit"],
	"Unit Pole": [["U/nWb"], "http://registry.it.csiro.au/def/qudt/1.1/qudt-unit/UnitPole"],
	"Unitless": [["unitless", "U"], "http://registry.it.csiro.au/def/qudt/1.1/qudt-unit/Unitless"],
	"Peso Uruguayo": [["UYU"], "http://registry.it.csiro.au/def/qudt/1.1/qudt-unit/UruguayPeso"],
	"Uzbekistan Som": [["UZS"], "http://registry.it.csiro.au/def/qudt/1.1/qudt-unit/UzbekistanSom"],
	"Vatu": [["VUV"], "http://registry.it.csiro.au/def/qudt/1.1/qudt-unit/Vatu"],
	"Venezuelan bol�var": [["VEB"], "http://registry.it.csiro.au/def/qudt/1.1/qudt-unit/VenezuelanBolvar"],
	"Video Frame": [["No symbol"], "http://registry.it.csiro.au/def/qudt/1.1/qudt-unit/VideoFrame"],
	"Vietnamese ??ng": [["VND"], "http://registry.it.csiro.au/def/qudt/1.1/qudt-unit/VietnameseDong"],
	"Volt": [["V"], "http://registry.it.csiro.au/def/qudt/1.1/qudt-unit/Volt"],
	"Volt Meter": [["m V"], "http://registry.it.csiro.au/def/qudt/1.1/qudt-unit/VoltMeter"],
	"Volt per Meter": [["V/m", "V m^-1"], "http://registry.it.csiro.au/def/qudt/1.1/qudt-unit/VoltPerMeter"],
	"Volt per second": [["V / sec"], "http://registry.it.csiro.au/def/qudt/1.1/qudt-unit/VoltPerSecond"],
	"Volt per Square Meter": [["V m^-2"], "http://registry.it.csiro.au/def/qudt/1.1/qudt-unit/VoltPerSquareMeter"],
	"WIR Euro (complementary currency)": [["CHE"], "http://registry.it.csiro.au/def/qudt/1.1/qudt-unit/WIREuro"],
	"WIR Franc (complementary currency)": [["CHW"], "http://registry.it.csiro.au/def/qudt/1.1/qudt-unit/WIRFranc"],
	"Watt": [["W"], "http://registry.it.csiro.au/def/qudt/1.1/qudt-unit/Watt"],
	"Watt per Meter Kelvin": [["W/(m*K)"], "http://registry.it.csiro.au/def/qudt/1.1/qudt-unit/WattPerMeterKelvin"],
	"Watt per Square Centimeter": [["W/cm^2"], "http://registry.it.csiro.au/def/qudt/1.1/qudt-unit/WattPerSquareCentimeter"],
	"Watt per Square Foot": [["W/ft^2"], "http://registry.it.csiro.au/def/qudt/1.1/qudt-unit/WattPerSquareFoot"],
	"Watt per Square Inch": [["W/in^2"], "http://registry.it.csiro.au/def/qudt/1.1/qudt-unit/WattPerSquareInch"],
	"Watt per Square Meter": [["W/m^2"], "http://registry.it.csiro.au/def/qudt/1.1/qudt-unit/WattPerSquareMeter"],
	"Watt per Square Meter Kelvin": [["W/(m^2-K)"], "http://registry.it.csiro.au/def/qudt/1.1/qudt-unit/WattPerSquareMeterKelvin"],
	"Watt per Square Meter Quartic Kelvin": [["W m^-2 K^-4"], "http://registry.it.csiro.au/def/qudt/1.1/qudt-unit/WattPerSquareMeterQuarticKelvin"],
	"Watt per Square Meter Steradian": [["W/(m^2-sr)"], "http://registry.it.csiro.au/def/qudt/1.1/qudt-unit/WattPerSquareMeterSteradian"],
	"Watt per Steradian": [["W sr^-1"], "http://registry.it.csiro.au/def/qudt/1.1/qudt-unit/WattPerSteradian"],
	"Watt Square Meter": [["W m^2"], "http://registry.it.csiro.au/def/qudt/1.1/qudt-unit/WattSquareMeter"],
	"Watt Square Meter per Steradian": [["W m^2 sr^-1"], "http://registry.it.csiro.au/def/qudt/1.1/qudt-unit/WattSquareMeterPerSteradian"],
	"Watthour": [["W-hr"], "http://registry.it.csiro.au/def/qudt/1.1/qudt-unit/Watthour"],
	"Weber": [["Wb"], "http://registry.it.csiro.au/def/qudt/1.1/qudt-unit/Weber"],
	"Yard": [["yd"], "http://registry.it.csiro.au/def/qudt/1.1/qudt-unit/Yard"],
	"Year (365 Day)": [["yr"], "http://registry.it.csiro.au/def/qudt/1.1/qudt-unit/Year365Day"],
	"Year Sidereal": [["yr"], "http://registry.it.csiro.au/def/qudt/1.1/qudt-unit/YearSidereal"],
	"Year Tropical": [["yr"], "http://registry.it.csiro.au/def/qudt/1.1/qudt-unit/YearTropical"],
	"Yemeni Rial": [["YER"], "http://registry.it.csiro.au/def/qudt/1.1/qudt-unit/YemeniRial"],
	"Yobi": [["Yi"], "http://registry.it.csiro.au/def/qudt/1.1/qudt-unit/Yobi"],
	"Yocto": [["y"], "http://registry.it.csiro.au/def/qudt/1.1/qudt-unit/Yocto"],
	"Yotta": [["Y"], "http://registry.it.csiro.au/def/qudt/1.1/qudt-unit/Yotta"],
	"Yuan Renminbi": [["CNY"], "http://registry.it.csiro.au/def/qudt/1.1/qudt-unit/YuanRenminbi"],
	"Zambian Kwacha": [["ZMK"], "http://registry.it.csiro.au/def/qudt/1.1/qudt-unit/ZambianKwacha"],
	"Zebi": [["Zi"], "http://registry.it.csiro.au/def/qudt/1.1/qudt-unit/Zebi"],
	"Zepto": [["z"], "http://registry.it.csiro.au/def/qudt/1.1/qudt-unit/Zepto"],
	"Zetta": [["Z"], "http://registry.it.csiro.au/def/qudt/1.1/qudt-unit/Zetta"],
	"Zimbabwe Dollar": [["ZWD"], "http://registry.it.csiro.au/def/qudt/1.1/qudt-unit/ZimbabweDollar"],
	"Zloty": [["PLN"], "http://registry.it.csiro.au/def/qudt/1.1/qudt-unit/Zloty"],
	"Atoms per Litre": [["atoms/L", "atoms L^-1"], "http://registry.it.csiro.au/def/environment/unit/_AtomsPerLitre"],
	"Becquerel per Litre": [["Bq L^-1"], "http://registry.it.csiro.au/def/environment/unit/_BecquerelPerLitre"],
	"Colony Forming Unit per Decilitre": [["CFU/dl", "CFU dL^-1"], "http://registry.it.csiro.au/def/environment/unit/_ColonyFormingUnitPerDecilitre"],
	"Colony Forming Unit per Litre": [["CFU/l", "CFU l^-1"], "http://registry.it.csiro.au/def/environment/unit/_ColonyFormingUnitPerLitre"],
	"Colony Forming Unit per Millilitre": [["CFU/ml", "CFU ml^-1"], "http://registry.it.csiro.au/def/environment/unit/_ColonyFormingUnitPerMillilitre"],
	"cubic centimetre": [["mL"], "http://registry.it.csiro.au/def/environment/unit/_CubicCentimetre"],
	"cubic metres per cubic metre": [["m3/m3", "m³/m³"], "http://registry.it.csiro.au/def/environment/unit/_CubicMetresPerCubicMetre"],
	"DeciSiemens per Metre": [["dS/m", "dSm^-1"], "http://registry.it.csiro.au/def/environment/unit/_DeciSiemensPerMetre"],
	"Grams per Cubic CentiMeter": [["g.cm^-3", "g/cm^3"], "http://registry.it.csiro.au/def/environment/unit/_GramsPerCubicCentimeter"],
	"grams per gram": [["g/g"], "http://registry.it.csiro.au/def/environment/unit/_GramsPerGram"],
	"Hazen": [["HU"], "http://registry.it.csiro.au/def/environment/unit/_Hazen"],
	"KiloGrams Per Hectare": [["kg.ha^-1", "kg/ha"], "http://registry.it.csiro.au/def/environment/unit/_KilogramsPerHectare"],
	"Litre per Second": [["L/s", "L s^-1"], "http://registry.it.csiro.au/def/environment/unit/_LitrePerSecond"],
	"Megalitre": [["Ml"], "http://registry.it.csiro.au/def/environment/unit/_Megalitre"],
	"Megalitre per Day": [["Ml/d", "ML d^-1"], "http://registry.it.csiro.au/def/environment/unit/_MegalitrePerDay"],
	"Megalitre per Calendar Month": [["Ml/mo_c", "Ml mo^-1"], "http://registry.it.csiro.au/def/environment/unit/_MegalitrePerMonth"],
	"Megalitre per Week": [["Ml/wk", "Ml wk^-1"], "http://registry.it.csiro.au/def/environment/unit/_MegalitrePerWeek"],
	"Meter per Day": [["m/d", "m d^-1"], "http://registry.it.csiro.au/def/environment/unit/_MeterPerDay"],
	"MicroMole per Second per Metre squared": [["umols-1m-2", "μM/s.m2"], "http://registry.it.csiro.au/def/environment/unit/_MicroMolPerSecondPerMetreSquared"],
	"MicroMolar": [["No symbol"], "http://registry.it.csiro.au/def/environment/unit/_MicroMolar"],
	"micromoles per litre ": [["No symbol"], "http://registry.it.csiro.au/def/environment/unit/_MicroMolesPerLitre"],
	"MicroSiemens per Centimetre": [["μS/cm", "μS cm^-1"], "http://registry.it.csiro.au/def/environment/unit/_MicroSiemensPerCentimetre"],
	"microgram": [["μg"], "http://registry.it.csiro.au/def/environment/unit/_Microgram"],
	"MicroGrams per Kilogram": [["μg/kg", "μg kg^-1"], "http://registry.it.csiro.au/def/environment/unit/_MicrogramsPerKilogram"],
	"MicroGrams per Litre": [["μg/L", "μg L^-1"], "http://registry.it.csiro.au/def/environment/unit/_MicrogramsPerLitre"],
	"MilliBecquerel per Litre": [["mBq/L", "mBq L^-1"], "http://registry.it.csiro.au/def/environment/unit/_MilliBecquerelPerLitre"],
	"MilliEquivalent per HectoGram": [["meq/hg", "meq hg^-1"], "http://registry.it.csiro.au/def/environment/unit/_MilliEquivalentPerHectoGram"],
	"MilliEquivalent per Litre": [["meq/L", "meq L^-1"], "http://registry.it.csiro.au/def/environment/unit/_MilliEquivalentPerLitre"],
	"MilliSiemens per Centimetre": [["mS/cm", "mS cm^-1"], "http://registry.it.csiro.au/def/environment/unit/_MilliSiemensPerCentimetre"],
	"MilliVolt": [["mV", "V"], "http://registry.it.csiro.au/def/environment/unit/_MilliVolt"],
	"milligram": [["mg"], "http://registry.it.csiro.au/def/environment/unit/_Milligram"],
	"Milligrams per Cubic Meter": [["mg/m^3"], "http://registry.it.csiro.au/def/environment/unit/_MilligramsPerCubicMeter"],
	"MilliGrams per Kilogram": [["mg/kg", "mg kg^-1"], "http://registry.it.csiro.au/def/environment/unit/_MilligramsPerKilogram"],
	"MilliGrams per Litre": [["mg/L", "mg L^-1"], "http://registry.it.csiro.au/def/environment/unit/_MilligramsPerLitre"],
	"Milligrams per Square Meter": [["mg/m^2"], "http://registry.it.csiro.au/def/environment/unit/_MilligramsPerSquareMeter"],
	"MilliMeter per Hour": [["mm/hr", "mm hr^-1"], "http://registry.it.csiro.au/def/environment/unit/_MillimeterPerHour"],
	"Mole Percent": [["mol%"], "http://registry.it.csiro.au/def/environment/unit/_MolPercent"],
	"Mole per Tonne": [["mol/t"], "http://registry.it.csiro.au/def/environment/unit/_MolePerTonne"],
	"Practical Salinity unit (PSU)": [["PSU"], "http://registry.it.csiro.au/def/environment/unit/_PSU"],
	"parts per billion": [["PPB", "ppb"], "http://registry.it.csiro.au/def/environment/unit/_PerBillion"],
	"per mil": [["‰"], "http://registry.it.csiro.au/def/environment/unit/PerMil"],
	"parts per trillion": [["ppt"], "http://registry.it.csiro.au/def/environment/unit/_PerTrillion"],
	"parts per trillion relative to Pee Dee Belemnite": [["pptPDB"], "http://registry.it.csiro.au/def/environment/unit/_PerTrillion_PDB"],
	"parts per trillion relative to Standard Mean Ocean Water": [["pptSMOW"], "http://registry.it.csiro.au/def/environment/unit/_PerTrillion_SMOW"],
	"Percent Modern Carbon": [["%MC"], "http://registry.it.csiro.au/def/environment/unit/_Percent_ModernCarbon"],
	"Reciprocal Meter": [["/m", "m^-1"], "http://registry.it.csiro.au/def/environment/unit/_Reciprocal_Meter"],
	"Tonnes Per Hectare": [["t/ha"], "http://registry.it.csiro.au/def/environment/unit/_TonnesPerHectare"],
	"Tritium Unit": [["TU"], "http://registry.it.csiro.au/def/environment/unit/_Tritium_Unit"],
	"part per thousand": [["No symbol"], "http://registry.it.csiro.au/def/environment/unit/_PerMil"],
	"mm per day": [["mm/d", "mm/day"], "http://registry.it.csiro.au/def/environment/unit/mmPerDay"],
	"pH": [["pH"], "http://registry.it.csiro.au/def/environment/unit/pH"]
}
